ticker,sector,pe_ratio,ps_ratio,pb_ratio,peg_ratio,free_cash_flow,earnings_growth,pe_vs_sector
MMM,Industrials,28.412079,3.2762098,27.945494,1.54,6350125056.0,0.328,-7.836026460526313
AOS,Industrials,15.704736,2.0138571,4.1602716,1.34,484612512.0,-0.15,-20.54336946052631
ABT,Healthcare,32.129032,3.6996067,3.3720417,1.81,7209124864.0,-0.475,-1.42260675925926
ABBV,Healthcare,78.09887,7.5879064,-82.307236,0.56,16870250496.0,2.904,44.54723124074074
ACN,Technology,15.417403,1.724544,3.9471347,1.98,11181248512.0,0.464,-112.70422724698795
ADBE,Technology,13.527081,3.630785,8.052315,0.58,9345125376.0,0.105,-114.59454924698797
AMD,Technology,155.12755,24.033602,14.762933,0.62,8841499648.0,1.595,27.00591975301205
AES,Utilities,5.595505,0.81651396,2.1558442,0.81,-3089125120.0,,-14.095599732258066
AFL,Financial Services,12.316129,3.178032,1.8978658,1.18,5152249856.0,0.468,-7.024746939130434
A,Healthcare,33.637077,6.5228496,6.530846,1.39,1060374976.0,0.085,0.0854382407407357
ABNB,Consumer Cyclical,37.7836,7.54773,12.547848,1.38,3206874880.0,0.334,-2.0846105192307647
AKAM,Technology,38.75,3.5556514,3.2340488,1.17,710060096.0,-0.268,-89.37163024698796
ALB,Basic Materials,375.07404,2.0227768,1.4862049,0.79,1334340224.0,,322.9059056666667
ALGN,Healthcare,24.819132,2.4490929,2.4022422,0.59,594111360.0,-0.121,-8.732506759259262
ALLE,Industrials,19.722149,2.983872,6.041675,1.9,484449984.0,0.162,-16.52595646052631
LNT,Utilities,20.838606,3.855023,2.267718,2.02,-1138625024.0,-0.04,1.1475012677419336
ALL,Financial Services,4.590436,0.82714105,1.838514,1.7,15158625280.0,0.612,-14.750439939130434
GOOGL,Communication Services,17.644756,9.645901,6.909384,1.22,22665000960.0,2.94,-13.563852294444445
GOOG,Communication Services,17.454088,9.541668,6.8347216,1.21,22665000960.0,2.94,-13.754520294444447
MO,Consumer Defensive,15.090527,5.8543944,-44.856068,2.74,9033374720.0,-0.027,-16.01414786666667
AMZN,Consumer Cyclical,21.112629,3.6492524,5.1299944,1.48,3219124992.0,2.423,-18.755581519230766
AMCR,Consumer Cyclical,17.529411,0.8198917,1.6346682,0.96,1504000000.0,,-22.338799519230765
AEE,Utilities,17.991198,3.3635256,2.0666573,2.52,-1786249984.0,0.119,-1.6999067322580643
AEP,Utilities,21.28423,2.9335017,2.0840333,2.23,-5995950080.0,-0.432,1.5931252677419359
AXP,Financial Services,18.699636,2.9347262,6.0681305,1.24,,0.11,-0.6412399391304326
AIG,Financial Services,14.10989,1.506552,0.9955289,0.65,7365000192.0,-0.101,-5.230985939130434
AMT,Real Estate,25.067402,7.760962,22.828512,1.58,2920012544.0,1.385,-19.34932827586207
AWK,Utilities,22.336224,4.8471227,2.1956456,2.27,-1785374976.0,0.086,2.6451192677419364
AMP,Financial Services,12.083776,2.2285225,6.954039,1.4,2903124992.0,0.117,-7.257099939130434
AME,Industrials,36.342106,7.246989,5.060874,2.81,1492221312.0,0.142,0.09400053947369003
AMGN,Healthcare,25.768322,5.887702,19.189177,2.46,8645624832.0,0.649,-7.783316759259261
APH,Technology,43.62,7.4153423,13.882877,0.98,3818374912.0,0.593,-84.50163024698796
ADI,Technology,48.241093,14.1787405,5.866492,0.61,4147339008.0,1.635,-79.88053724698796
AON,Financial Services,15.075524,3.3003323,6.0403323,2.17,3190874880.0,-0.03,-4.265351939130435
APA,Energy,9.699789,1.8751899,2.2914796,1.23,2146749952.0,0.263,-9.957559666666667
APO,Financial Services,42.526882,1.9683113,3.4852982,0.43,,0.637,23.186006060869566
AAPL,Technology,38.605507,10.5243,45.739132,2.72,107721875456.0,0.287,-89.51612324698796
AMAT,Technology,43.747196,13.048536,15.701899,1.01,3075375104.0,0.428,-84.37443424698796
APP,Communication Services,21.29439,13.628203,29.366123,0.61,3179956224.0,0.57,-9.914218294444446
APTV,Consumer Cyclical,43.366337,0.44323713,1.0426586,0.95,1615874944.0,-0.353,3.498126480769237
ACGL,Financial Services,7.478091,1.6956773,1.3988992,1.05,4302125056.0,-0.071,-11.862784939130435
ADM,Consumer Defensive,21.88767,0.4689917,1.6335084,0.98,1164625024.0,3.156,-9.217004866666667
ARES,Financial Services,54.018433,7.4041505,10.626416,0.86,2159716096.0,0.065,34.67755706086957
ANET,Technology,68.37224,25.933311,18.472685,1.58,3891512576.0,0.357,-59.74939024698796
AJG,Financial Services,38.590378,3.9480143,2.5146968,0.69,2082300032.0,-0.107,19.249502060869567
AIZ,Financial Services,12.756822,0.9768204,2.1580932,2.16,2149574912.0,0.305,-6.584053939130435
T,Communication Services,7.3201323,1.1944916,1.3814151,1.51,10142000128.0,0.062,-23.888475994444445
ATO,Utilities,19.268175,5.550858,1.7904134,1.94,-2220956928.0,0.233,-0.4229297322580656
ADSK,Technology,30.525293,6.3142686,14.539445,0.79,3157499904.0,0.596,-97.59633724698796
ADP,Technology,24.760513,4.8906302,17.866896,2.45,5243049984.0,0.098,-103.36111724698796
AZO,Consumer Cyclical,19.271387,2.337737,-18.999748,1.23,,0.15,-20.596823519230764
AVY,Consumer Cyclical,18.38116,1.3752843,5.483956,1.92,1004600000.0,0.108,-21.487050519230763
AXON,Industrials,175.47302,10.672083,9.349148,1.52,222160000.0,-0.182,139.22491453947367
BKR,Energy,18.231512,2.0301034,2.8262386,1.57,4415000064.0,-0.042,-1.4258366666666689
BALL,Consumer Cyclical,16.65527,1.080173,2.6921482,0.98,379875008.0,0.092,-23.212940519230763
BAC,Financial Services,12.545034,3.3340013,1.3807127,0.85,,0.341,-6.795841939130435
BDX,Healthcare,42.732555,2.2260752,2.0499346,1.11,4478374912.0,-0.314,9.180916240740736
BRK-B,Financial Services,12.96831,2.8693266,0.0009873505,10.06,71975247872.0,1.078,-6.372565939130434
BBY,Consumer Cyclical,14.477537,0.43241644,5.7515864,1.66,1403374976.0,0.701,-25.390673519230766
TECH,Healthcare,62.46552,9.352004,5.365023,2.11,229653120.0,,28.913881240740736
BIIB,Healthcare,40.090588,3.325677,1.7687485,2.25,1266987520.0,-0.848,6.538949240740735
BLK,Financial Services,25.906895,6.44209,2.9119675,0.89,7578124800.0,0.196,6.566019060869564
BX,Financial Services,25.568233,8.823089,10.141982,1.1,,0.573,6.227357060869565
XYZ,Technology,137.92857,1.8531058,2.1047466,0.58,-27105876.0,-0.833,9.806939753012045
BE,Industrials,369.07895,26.537407,51.046406,0.62,531637504.0,,332.83084453947373
BNY,Financial Services,16.652277,4.5215654,2.4261744,1.09,,0.269,-2.688598939130433
BA,Industrials,67.98929,1.6007526,24.67211,1.35,5625375232.0,,31.741184539473686
BKNG,Consumer Cyclical,17.776052,4.2660084,-11.270912,0.88,7725875200.0,1.3,-22.092158519230765
BSX,Healthcare,17.299595,2.949399,2.479689,0.59,2451375104.0,0.151,-16.252043759259262
BMY,Healthcare,13.022026,2.4552774,5.4114413,16.59,8114375168.0,1.531,-20.529612759259262
AVGO,Technology,46.17369,19.369032,17.313477,0.36,30596499456.0,2.153,-81.94794024698797
BR,Technology,17.234373,2.4983027,6.6400447,1.8,1194499968.0,0.084,-110.88725724698796
BRO,Financial Services,19.835962,3.1577818,1.6490952,1.51,1642749952.0,0.071,0.4950860608695642
BF-B,Consumer Defensive,17.025806,3.093085,3.0498092,2.02,685625024.0,0.057,-14.078868866666667
BG,Consumer Defensive,20.464144,0.21494895,1.2370849,1.37,-6475375104.0,0.33,-10.640530866666666
BXP,Real Estate,31.74731,3.3479857,1.8272681,2.2,880636864.0,-0.232,-12.669420275862073
CHRW,Industrials,27.158398,0.9766851,10.239603,1.72,480618368.0,0.238,-9.089707460526313
CDNS,Technology,70.14711,16.645416,14.169143,2.67,1609676544.0,1.254,-57.974520246987964
CPT,Real Estate,32.20462,7.139145,2.6318204,9.17,139679632.0,-0.757,-12.212110275862074
COF,Financial Services,12.797688,2.5409062,1.1870677,0.18,,,-6.5431879391304335
CAH,Healthcare,32.85892,0.21636966,-19.20068,1.2,4752500224.0,0.688,-0.6927187592592645
CCL,Consumer Cyclical,11.60793,1.2840385,2.5109587,0.9,1807624960.0,0.05,-28.260280519230765
CARR,Industrials,40.26087,2.0716257,3.4866645,1.09,861750016.0,-0.118,4.012764539473686
CVNA,Consumer Cyclical,33.719578,2.8191552,11.376293,,424375008.0,0.615,-6.148632519230766
CASY,Consumer Cyclical,31.13054,1.2792323,5.837609,2.9,503306880.0,0.277,-8.737670519230765
CAT,Industrials,34.458458,4.923871,18.97163,1.39,5048999936.0,0.682,-1.7896474605263109
CBOE,Financial Services,23.706938,6.275806,5.6527963,2.6,678249984.0,0.502,4.366062060869567
CBRE,Real Estate,29.93135,0.86651987,4.5143924,0.7,1637624960.0,-0.042,-14.485380275862074
CDW,Technology,17.08774,0.75631595,7.29451,1.33,676787520.0,0.049,-111.03389024698797
COR,Healthcare,24.042316,0.18571125,20.255817,0.67,2043314048.0,0.119,-9.509322759259263
CNP,Utilities,22.840235,2.6430979,2.1693923,1.95,-5191875072.0,0.233,3.149130267741935
CF,Basic Materials,8.274481,2.1811934,2.9416885,0.49,1276749952.0,0.996,-43.89365333333333
SCHW,Financial Services,17.613844,6.4256196,3.8036423,0.82,,0.426,-1.727031939130434
CHTR,Communication Services,2.6914866,0.24698538,0.7274032,0.62,2198374912.0,0.161,-28.517121694444445
CVX,Energy,20.40231,1.9859239,2.1898758,0.93,21934000128.0,3.219,0.7449613333333325
CMG,Consumer Cyclical,28.981651,3.2175894,18.207493,1.46,1116464384.0,-0.013,-10.886559519230765
CB,Financial Services,12.086433,2.1267114,1.7457151,2.59,10488000512.0,-0.007,-7.254442939130435
CHD,Consumer Defensive,31.445515,3.7360253,5.3509684,2.75,939262528.0,0.09,0.34084013333333374
CIEN,Technology,100.61969,10.593313,20.878748,0.43,633368384.0,4.229,-27.501940246987957
CI,Healthcare,11.675486,0.2642854,1.7474617,0.77,7980125184.0,0.102,-21.876152759259263
CINF,Financial Services,7.714353,1.7971033,1.503446,2.19,2984875008.0,0.855,-11.626522939130435
CTAS,Industrials,39.923077,6.95222,15.537729,3.15,1743985280.0,0.133,3.674971539473688
CSCO,Technology,35.552555,7.3709097,9.290591,1.06,11182624768.0,0.521,-92.56907524698796
C,Financial Services,14.0,2.6613338,1.1298785,0.61,,0.61,-5.340875939130434
CFG,Financial Services,13.849672,3.280751,1.1162227,1.65,,0.413,-5.491203939130434
CLX,Consumer Defensive,17.422039,1.508128,112.63441,1.04,110375000.0,-0.501,-13.682635866666665
CME,Financial Services,23.796438,14.929787,3.8008018,4.81,2909012480.0,0.025,4.455562060869564
CMS,Utilities,19.666666,2.330213,2.150527,2.36,-2198874880.0,-0.439,-0.0244387322580657
KO,Consumer Defensive,26.441442,7.557292,10.480895,3.99,5218749952.0,0.169,-4.663232866666668
CTSH,Technology,12.731183,1.232155,1.8502313,0.87,2215500032.0,0.038,-115.39044724698796
COHR,Technology,75.87864,8.600663,5.612567,0.92,-649981632.0,,-52.24299024698796
CL,Consumer Defensive,34.75197,3.3433003,298.20944,1.61,3458374912.0,-0.055,3.6472951333333334
CMCSA,Communication Services,6.6645164,0.5869695,0.81624585,142.98,12697624576.0,-0.668,-24.544091894444446
FIX,Industrials,42.21678,5.3778434,18.740469,0.57,1841915392.0,0.919,5.968674539473689
COP,Energy,17.76159,2.4992533,2.4652097,1.05,7691375104.0,1.07,-1.8957586666666657
ED,Utilities,17.479406,2.218261,1.5263771,2.1,-844875008.0,0.221,-2.211698732258064
STZ,Consumer Defensive,10.979409,2.2537012,2.5471992,1.57,1118400000.0,0.253,-20.125265866666666
CEG,Utilities,29.136854,3.3773074,3.3119256,3.74,-6625124864.0,-0.468,9.445749267741935
COO,Healthcare,18.683847,2.440167,1.2410408,0.51,542649984.0,3.571,-14.867791759259262
CPRT,Industrials,17.625807,5.423535,2.781794,2.76,885121728.0,-0.15,-18.622298460526313
GLW,Technology,71.87155,7.9558077,11.302027,0.91,734499968.0,0.185,-56.25008024698796
CPAY,Technology,24.189665,5.204115,7.3761287,0.77,1946175872.0,-0.07,-103.93196524698796
CSGP,Real Estate,164.83333,3.3808248,1.5141618,0.11,412700000.0,12.61,120.41659972413791
COST,Consumer Defensive,45.612717,1.3841414,11.723514,4.77,6752750080.0,0.15,14.508042133333337
CRH,Basic Materials,14.406361,1.4042063,2.2591012,1.59,2019124992.0,0.139,-37.76177333333334
CRWD,Technology,5500.8003,52.18967,55.195667,6.79,1995385472.0,,5372.6786697530115
CCI,Real Estate,32.37398,8.364018,-10.3751955,0.54,1036249984.0,-0.675,-12.042750275862069
CSX,Industrials,27.476744,6.032798,6.2167845,1.7,1953250048.0,0.227,-8.771361460526311
CMI,Industrials,26.744509,2.075954,5.6084914,1.05,2229374976.0,0.047,-9.50359646052631
CVS,Healthcare,22.673685,0.26704815,1.3815441,0.21,8076000256.0,1.888,-10.877953759259263
DHR,Healthcare,39.181816,6.1545935,2.9384007,1.3,4325125120.0,0.597,5.6301772407407356
DRI,Consumer Cyclical,19.19029,1.6731298,10.827126,2.05,794787520.0,-0.067,-20.677920519230764
DDOG,Technology,586.52,26.546417,24.104883,1.41,1051412352.0,14.985,458.39836975301205
DVA,Healthcare,15.139358,0.8163054,-14.9837,0.43,1042451584.0,0.558,-18.41228075925926
DECK,Consumer Cyclical,11.724186,2.0422516,4.9239635,1.01,871420352.0,0.011,-28.144024519230765
DE,Industrials,34.515285,3.493198,5.981351,1.51,4516250112.0,0.074,-1.7328204605263124
DELL,Technology,34.073254,2.4644961,-262.80716,0.58,6033375232.0,2.729,-94.04837624698797
DAL,Industrials,13.626864,0.79132026,2.4636464,0.21,2817374976.0,-0.254,-22.621241460526313
DVN,Energy,10.51416,2.82658,1.3292934,2.92,782625024.0,0.44,-9.143188666666667
DXCM,Healthcare,33.376984,6.3873086,12.109127,2.11,1021162496.0,0.436,-0.174654759259262
FANG,Energy,36.59619,3.3111892,1.4223108,21.24,5035500032.0,1.795,16.938841333333333
DLR,Real Estate,86.776695,9.99124,2.476998,11.37,3768482048.0,-0.587,42.35996472413793
DG,Consumer Defensive,16.523378,0.64322555,3.021875,1.55,1738019712.0,0.333,-14.581296866666666
DLTR,Consumer Defensive,14.45067,1.1092129,6.500466,1.2,1049587520.0,1.972,-16.654004866666668
D,Utilities,21.328718,2.9921067,1.942029,2.4,-9181124608.0,-0.58,1.6376132677419335
DPZ,Consumer Cyclical,17.537415,2.0355096,-2.5688376,1.41,531496512.0,0.068,-22.330795519230765
DASH,Consumer Cyclical,103.42105,5.357941,8.581161,0.87,5147500032.0,-0.3,63.55283948076923
DOV,Industrials,22.83313,3.0201857,3.3011084,1.47,906472128.0,0.141,-13.41497546052631
DHI,Consumer Cyclical,12.857961,1.1312177,1.5896662,1.14,2413900032.0,-0.048,-27.010249519230765
DTE,Utilities,20.110935,1.6037884,2.1735408,1.63,-2596624896.0,0.224,0.4198302677419363
DUK,Utilities,17.567772,2.7726812,1.6919038,2.18,-4477374976.0,0.106,-2.1233327322580635
DD,Basic Materials,34.946236,2.5122476,1.2749723,1.72,1835250048.0,1.496,-17.221898333333336
ETN,Industrials,43.708035,5.5577183,8.239208,2.58,3106125056.0,-0.159,7.459929539473691
EBAY,Consumer Cyclical,23.618948,4.1576076,10.702089,1.57,1579624960.0,0.55,-16.249262519230765
ECL,Basic Materials,37.82953,4.6908126,7.856983,2.54,1474824960.0,0.033,-14.338604333333336
EIX,Utilities,5.7010307,1.0956192,1.2197005,2.41,82375000.0,0.551,-13.990074032258065
EW,Healthcare,50.720238,7.5418887,4.627206,1.8,1232412544.0,-0.254,17.16859924074074
ELV,Healthcare,18.269146,0.445031,1.9938548,1.31,4306375168.0,-0.131,-15.282492759259263
EME,Industrials,24.578146,1.8724047,8.562458,0.32,978281600.0,0.348,-11.66995946052631
EMR,Industrials,35.411377,4.8437853,4.4294515,1.83,3706249984.0,0.23,-0.8367284605263094
ETR,Utilities,26.291561,3.6429832,2.6315117,1.57,-4400858112.0,-0.019,6.6004562677419365
EOG,Energy,11.529961,2.9083583,2.443433,1.31,4478750208.0,1.094,-8.127387666666667
EQT,Energy,12.257542,3.5556598,1.3082886,1.55,2460903936.0,-0.74,-7.399806666666667
EFX,Industrials,25.665493,2.6576068,3.913872,1.23,947537472.0,0.007,-10.58261246052631
EQIX,Real Estate,66.02703,10.222444,7.039525,2.9,3785999872.0,0.288,21.610299724137924
ERIE,Financial Services,20.130552,2.8184316,4.7061315,2.67,481207744.0,0.032,0.7896760608695672
ESS,Real Estate,42.23484,9.450894,3.2788017,7.02,1043926720.0,-0.718,-2.1818902758620737
EL,Consumer Defensive,196.1,2.3606718,9.320342,2.12,1812125056.0,,164.99532513333332
EG,Financial Services,7.7912436,0.83948374,0.9239092,0.97,2064625024.0,-0.115,-11.549632339130435
EVRG,Utilities,20.600508,3.063181,1.8258908,2.07,-1443362560.0,0.23,0.9094032677419364
P,Technology,211.63014,12.078478,33.417694,1.74,-114351752.0,0.5,83.50850975301205
ES,Utilities,17.0285,1.7686937,1.5149002,2.25,811961344.0,-0.854,-2.662604732258064
EXC,Utilities,15.352941,1.698784,1.4515119,2.24,-2685125120.0,-0.002,-4.3381637322580655
EXE,Energy,7.605172,1.613467,1.0651374,0.82,1466249984.0,-0.455,-12.052176666666668
EXPE,Consumer Cyclical,17.128044,2.0963347,27.217867,0.71,3434374912.0,1.887,-22.740166519230765
EXPD,Industrials,28.128094,2.087021,11.858852,3.07,797562240.0,0.515,-8.12001146052631
EXR,Real Estate,29.724058,8.463863,2.1457484,5.29,1499437568.0,0.06,-14.692672275862073
XOM,Energy,21.7426,1.9239638,2.6781864,1.49,20671000576.0,1.128,2.085251333333332
FFIV,Technology,38.233463,8.210546,7.0718193,1.65,717135488.0,0.114,-89.88816724698796
FDS,Financial Services,19.710363,4.1246595,5.078787,1.27,641526656.0,-0.152,0.3694870608695666
FICO,Technology,19.327736,6.023689,-3.5189686,0.67,774413504.0,0.412,-108.79389424698796
FAST,Industrials,43.37607,6.6559424,14.311901,3.36,916124992.0,0.146,7.1279645394736875
FRT,Real Estate,21.446466,6.949357,2.878135,3.59,456137632.0,-0.456,-22.97026427586207
FDX,Industrials,15.725607,0.72887594,2.2122202,1.23,5656625152.0,-0.043,-20.52249846052631
FDXF,Industrials,26.363014,1.9630312,-34.73827,,-511124992.0,-0.611,-9.885091460526311
FERG,Industrials,21.65748,1.3536559,6.8646655,1.34,,0.069,-14.590625460526311
FIS,Technology,5.2288785,1.4389042,1.0952029,0.18,2653125120.0,,-122.89275174698795
FITB,Financial Services,17.050505,4.5492854,1.421314,1.61,,-0.057,-2.290370939130433
FSLR,Technology,10.96301,3.5533705,1.8516939,0.33,1598684800.0,0.233,-117.15862024698797
FE,Utilities,24.06417,1.6653106,2.0130625,1.49,-2014625024.0,0.083,4.373065267741936
FLEX,Technology,46.26641,1.5127088,8.047683,0.94,625750016.0,0.52,-81.85522024698795
FTNT,Technology,68.81625,18.982748,92.12393,2.08,2265587456.0,0.439,-59.305380246987966
FTV,Technology,30.13684,4.00702,2.8589973,0.98,939112512.0,0.04,-97.98479024698796
FOXA,Communication Services,16.252605,1.536649,2.2520118,1.14,555374976.0,0.031,-14.956003294444447
FOX,Communication Services,14.5546875,1.3761147,2.0167432,,555374976.0,0.031,-16.653920794444446
BEN,Financial Services,21.768707,1.743703,1.3835444,0.4,-2990862592.0,1.067,2.427831060869565
FCX,Basic Materials,36.300495,4.090774,5.262444,4.45,2159249920.0,0.281,-15.867639333333337
GRMN,Technology,27.69453,6.746311,5.7336974,2.85,1043656256.0,0.353,-100.42710024698796
IT,Technology,17.283,1.8675162,-73.57582,0.78,1052553024.0,0.331,-110.83863024698796
GE,Industrials,36.34434,6.314832,18.128347,3.89,6594625024.0,0.194,0.09623453947369143
GEHC,Healthcare,15.112643,1.3963064,2.7055724,1.6,1573124992.0,0.168,-18.438995759259264
GEV,Industrials,28.80533,6.4687634,22.37955,1.96,15722125312.0,0.328,-7.44277546052631
GEN,Technology,13.596491,2.7401354,5.243572,1.17,1547124992.0,0.64,-114.52513924698796
GNRC,Industrials,51.710346,2.9931617,4.612356,0.63,289056512.0,0.92,15.46224053947369
GD,Industrials,20.211714,1.6337193,3.3360522,2.04,4400124928.0,0.134,-16.03639146052631
GM,Consumer Cyclical,37.098656,0.39127016,1.1702218,0.29,21933750272.0,-0.262,-2.7695545192307662
GPC,Consumer Cyclical,508.08,0.69843924,3.868904,1.32,917241984.0,-0.098,468.2117894807692
GPN,Industrials,38.591545,2.1311033,0.9454361,0.2,7867763200.0,-0.952,2.3434395394736924
GL,Financial Services,10.893829,2.0375419,2.0549505,1.3,1163503360.0,0.197,-8.447046939130434
GDDY,Technology,15.528275,2.5892298,1968.8679,0.56,1204950016.0,0.298,-112.59335524698795
GS,Financial Services,13.827336,3.8580964,2.472925,1.11,,0.923,-5.513539939130434
HAL,Energy,17.131578,1.2121036,2.465722,0.67,2052249984.0,0.161,-2.5257706666666664
HIG,Financial Services,9.137297,1.1929826,1.8171453,0.12,5507500032.0,0.361,-10.203578939130434
HAS,Consumer Cyclical,16.694096,2.64664,18.69391,1.69,688150016.0,,-23.174114519230766
HCA,Healthcare,15.122025,1.2518641,-14.80294,1.36,3738125056.0,0.116,-18.42961375925926
DOC,Real Estate,53.714283,4.5183334,1.6523113,4.32,1645113088.0,0.682,9.29755272413793
HSIC,Healthcare,24.492712,0.6883271,2.9781277,1.69,446000000.0,0.171,-9.058926759259261
HSY,Consumer Defensive,22.23224,2.6881685,7.166322,0.82,1743636352.0,6.31,-8.872434866666666
HPE,Technology,37.86598,2.3289526,3.6796231,0.57,4738625024.0,4.102,-90.25565024698795
HLT,Consumer Cyclical,47.882698,14.399921,-11.693343,1.34,1393874944.0,0.141,8.014487480769233
HD,Consumer Cyclical,20.345695,1.7145946,17.461863,1.56,10762625024.0,0.046,-19.522515519230765
HONA,Industrials,48.15244,2.794279,-8.787137,0.98,,-0.709,11.904334539473687
HON,Industrials,7.668143,1.7299825,3.5517294,3.38,2610374912.0,2.639,-28.57996246052631
HRL,Consumer Defensive,30.951614,0.8694582,1.3464777,1.34,621551616.0,-0.672,-0.1530608666666673
HST,Real Estate,15.304053,2.5241506,2.4286938,3.42,1692375040.0,0.084,-29.112677275862072
HWM,Industrials,48.547413,9.853461,15.719469,0.8,1189874944.0,0.33,12.299307539473688
HPQ,Technology,11.526718,0.46033075,-296.07843,3.46,3389874944.0,-0.113,-116.59491224698796
HUBB,Industrials,28.070456,4.024752,6.403171,1.98,495812512.0,-0.009,-8.177649460526311
HUM,Healthcare,40.81947,0.35598183,2.6991706,1.3,1940999936.0,0.271,7.26783124074074
HBAN,Financial Services,11.7846155,3.372862,1.0406902,1.84,,-0.029,-7.556260439130435
HII,Industrials,15.78069,0.7913794,1.964275,0.81,-300249984.0,0.365,-20.46741546052631
IBM,Technology,20.189333,3.0969968,6.2111683,2.14,12049750016.0,-0.018,-107.93229724698796
IEX,Industrials,33.710793,4.817403,4.3257265,1.76,555612480.0,0.109,-2.5373124605263087
IDXX,Healthcare,36.40197,8.962579,25.336267,2.81,909368384.0,0.176,2.8503312407407364
ITW,Industrials,23.94651,4.5676255,25.991932,2.46,2432999936.0,0.101,-12.301595460526311
ILMN,Healthcare,51.89739,9.346611,14.800214,3.26,797625024.0,-0.094,18.34575124074074
INCY,Healthcare,14.368154,3.9285436,3.572922,10.82,1180664576.0,0.377,-19.18348475925926
IR,Industrials,32.407406,3.847165,3.002173,0.63,1107425024.0,,-3.8406994605263094
PODD,Healthcare,25.333332,3.0727177,6.5967717,1.06,236900000.0,3.286,-8.218306759259264
IBKR,Financial Services,34.86905,21.904064,6.706098,1.4,,0.353,15.528174060869567
ICE,Financial Services,22.02962,8.305002,2.9651077,2.15,3633625088.0,0.142,2.688744060869567
IFF,Basic Materials,83.712875,2.001014,1.5444897,1.75,-1720999936.0,-0.916,31.544740666666662
INTU,Technology,18.393076,3.7721794,4.2783055,0.96,6353625088.0,-0.014,-109.72855424698795
ISRG,Healthcare,48.619263,13.57353,8.25821,1.93,2615200000.0,0.265,15.067624240740734
INVH,Real Estate,24.577982,5.5557494,1.7474399,13.14,1168785536.0,0.605,-19.838748275862073
IQV,Healthcare,32.28323,2.5187685,6.931797,0.94,2149750016.0,-0.006,-1.268408759259259
IRM,Real Estate,81.79286,4.507779,-26.611668,2.7,-436093504.0,,37.37612972413793
JBHT,Industrials,32.611664,1.6951746,5.8873677,1.65,903028352.0,0.458,-3.6364414605263136
JBL,Technology,31.413334,0.8926459,19.899942,0.82,1275500032.0,0.89,-96.70829624698797
JKHY,Technology,21.391117,4.114398,5.0986886,1.81,352223744.0,-0.104,-106.73051324698795
J,Industrials,46.229233,1.1453459,4.9928236,0.42,645677888.0,-0.254,9.98112753947369
JNJ,Healthcare,30.294321,6.4336796,7.4095907,2.69,16885125120.0,-0.009,-3.257317759259262
JCI,Industrials,44.47458,3.8154802,7.0737295,1.76,2984124928.0,0.153,8.226474539473692
JPM,Financial Services,14.266923,4.75049,2.5035522,1.53,,0.469,-5.073952939130434
KVUE,Consumer Defensive,20.581396,2.2064962,3.2205243,1.41,1907500032.0,0.085,-10.523278866666665
KDP,Consumer Defensive,32.080807,2.151311,1.7265561,0.97,4607249920.0,-0.9,0.9761321333333335
KEY,Financial Services,11.610464,2.891135,1.2376053,1.31,,0.253,-7.730411939130434
KEYS,Technology,51.792965,9.899905,9.919658,0.74,1867124992.0,1.091,-76.32866524698795
KMB,Consumer Defensive,19.24852,1.9573264,18.546179,2.0,941124992.0,-0.323,-11.856154866666667
KIM,Real Estate,26.070587,6.7964253,1.4468529,3.37,871483392.0,-0.058,-18.346143275862072
KMI,Energy,20.961292,4.028554,2.2852924,3.29,1075000064.0,0.212,1.3039433333333328
KKR,Financial Services,29.057507,3.2516615,2.8645668,0.38,,0.4,9.716631060869567
KLAC,Technology,53.434425,18.794548,40.25731,1.88,2624587520.0,0.138,-74.68720524698796
KR,Consumer Defensive,34.244446,0.24378797,6.2904377,0.59,2535500032.0,0.153,3.139771133333337
LHX,Industrials,23.888105,1.9242665,2.2187579,1.18,1608999936.0,0.283,-12.360000460526312
LH,Healthcare,25.818857,1.7643828,2.9340715,1.22,892049984.0,0.282,-7.732781759259261
LRCX,Technology,55.354164,17.174255,31.989565,1.49,3090484480.0,0.348,-72.76746624698796
LVS,Consumer Cyclical,14.07393,1.7076573,40.323296,0.77,2212875008.0,-0.198,-25.794280519230764
LDOS,Technology,11.361344,0.8659346,2.8898494,2.46,1146625024.0,-0.067,-116.76028624698796
LEN,Consumer Cyclical,14.524621,0.57062286,0.8457492,11.3,1227246208.0,-0.482,-25.343589519230765
LII,Industrials,15.716049,2.323339,9.495951,0.92,277737504.0,0.001,-20.532056460526313
LLY,Healthcare,39.5861,13.200159,31.03179,1.13,11065900032.0,0.262,6.03446124074074
LIN,Basic Materials,31.228537,6.290444,5.7058434,1.86,4160750080.0,0.113,-20.939597333333335
LMT,Industrials,18.783266,1.5271076,13.367346,0.96,5562625024.0,4.438,-17.46483946052631
L,Financial Services,13.074756,1.1667055,1.14085,1.32,1262000000.0,0.156,-6.266119939130434
LOW,Consumer Cyclical,15.722739,1.1539726,-14.030324,1.2,4615374848.0,0.0,-24.145471519230764
LULU,Consumer Cyclical,7.777778,0.9866234,2.2027972,0.93,1148515840.0,-0.059,-32.09043251923077
MTB,Financial Services,11.495243,3.3233619,1.2355281,1.29,,0.255,-7.845632939130434
MPC,Energy,15.755887,0.8289783,6.750185,1.07,9249375232.0,3.48,-3.901461666666668
MAR,Consumer Cyclical,37.87578,12.919319,-21.16871,1.81,2060375040.0,0.043,-1.9924305192307656
MRSH,Financial Services,21.486551,3.0012043,5.5324373,1.55,4785249792.0,0.073,2.1456750608695643
MLM,Basic Materials,31.102081,5.079564,2.4879076,1.82,593374976.0,-0.232,-21.066053333333336
MRVL,Technology,90.552635,26.178577,13.23207,0.75,2408049920.0,0.5,-37.56899524698797
MAS,Industrials,15.841013,1.7790861,-37.142086,1.59,897124992.0,0.245,-20.40709246052631
MA,Financial Services,32.40594,14.710614,92.110695,1.5,16961250304.0,0.221,13.065064060869567
MKC,Consumer Defensive,8.103074,1.5687289,1.7216076,3.01,742000000.0,-0.571,-23.001600866666667
MCD,Consumer Cyclical,19.108854,6.008899,-162.67635,2.5,6262374912.0,0.057,-20.759356519230764
MCK,Healthcare,25.163227,0.2663363,-25.685053,1.75,6801249792.0,-0.176,-8.388411759259263
MDT,Healthcare,21.739557,3.0147069,2.2547271,1.58,5412499968.0,0.407,-11.81208175925926
MRK,Healthcare,115.555565,5.3962083,8.571765,2.6,15171500032.0,,82.00392624074074
META,Communication Services,27.078747,8.021206,7.010047,0.95,21553625088.0,-0.134,-4.129861294444446
MET,Financial Services,18.837166,0.78700274,2.2852561,0.52,-20953999360.0,0.058,-0.5037099391304345
MTD,Healthcare,34.93329,7.512677,2421.8594,2.84,693589632.0,0.183,1.3816512407407373
MGM,Consumer Cyclical,18.067902,0.4216305,2.9293437,0.38,878991104.0,5.194,-21.800308519230764
MCHP,Technology,111.10294,8.008963,6.359428,0.23,1364762496.0,,-17.01869024698796
MU,Technology,13.84367,8.725602,11.533936,0.16,29214251008.0,10.601,-114.27796024698796
MSFT,Technology,29.808912,11.973236,8.98296,1.7,16545500160.0,0.317,-98.31271824698797
MAA,Real Estate,34.16959,6.2656517,2.4949293,7.03,921182272.0,0.137,-10.247140275862073
MDLZ,Consumer Defensive,22.209558,1.9433339,2.9039083,0.9,2252375040.0,1.449,-8.895116866666665
MPWR,Technology,84.32421,20.813677,17.488426,1.03,444316128.0,0.858,-43.79742024698797
MNST,Consumer Defensive,40.407406,9.27361,9.129706,2.24,1681231104.0,0.18,9.302731133333335
MCO,Financial Services,29.456219,9.852428,26.577549,1.6,2579124992.0,0.567,10.115343060869566
MS,Financial Services,15.34895,3.834597,2.8026135,1.62,,0.624,-3.991925939130434
MSI,Technology,34.974804,6.007112,27.511923,1.97,1979000064.0,0.095,-93.14682624698796
MSCI,Financial Services,30.880875,12.323693,-15.2759905,1.91,1194705920.0,0.196,11.539999060869565
NDAQ,Financial Services,27.303207,9.324586,4.390324,1.47,1691500032.0,0.141,7.962331060869566
NTAP,Technology,33.448517,6.302363,31.089407,2.56,1171374976.0,0.635,-94.67311324698795
NFLX,Communication Services,22.106918,6.0516915,9.708604,1.22,25387552768.0,0.111,-9.101690294444445
NEM,Basic Materials,14.860025,4.8188415,3.5408654,2.78,8815875072.0,0.114,-37.308109333333334
NWSA,Communication Services,28.271847,1.7382443,1.8560776,2.6,1045124992.0,-0.749,-2.9367612944444446
NWS,Communication Services,31.07767,1.9107553,2.040283,2.87,1045124992.0,-0.749,-0.13093829444444438
NEE,Utilities,17.388763,5.624146,2.8253248,1.58,-17766875136.0,0.531,-2.302341732258064
NKE,Consumer Cyclical,16.6875,1.1234244,3.4626894,1.48,1766875008.0,-0.021,-23.180710519230765
NI,Utilities,21.680851,2.840495,2.041266,2.09,-1772999936.0,-0.584,1.9897462677419355
NDSN,Industrials,33.215588,6.1342688,5.591488,1.86,613806656.0,0.23,-3.0325174605263143
NSC,Industrials,27.115189,5.692049,4.3916698,3.74,1382249984.0,-0.044,-9.13291646052631
NTRS,Financial Services,14.451031,3.387262,2.4587073,0.95,,0.986,-4.889844939130434
NOC,Industrials,15.280356,1.5921975,3.8186324,3.64,2478000128.0,-0.058,-20.967749460526313
NCLH,Consumer Cyclical,9.611111,0.7040909,2.7788684,1.29,-1680301312.0,6.163,-30.257099519230763
NRG,Utilities,28.264399,0.6851751,5.4001203,0.41,772374976.0,,8.573294267741936
NUE,Basic Materials,19.96252,1.5731915,2.5688045,5.21,683374976.0,0.938,-32.20561433333333
NVDA,Technology,28.986094,18.273836,24.178003,0.28,41809874944.0,1.278,-99.13553624698795
NVR,Consumer Cyclical,15.32528,1.6403596,4.6587863,4.97,918313280.0,-0.226,-24.542930519230765
NXPI,Technology,19.429548,4.351338,5.0350766,0.46,3555000064.0,0.726,-108.69208224698797
ORLY,Consumer Cyclical,27.444443,3.7654822,-38.439304,2.11,1570733824.0,0.103,-12.423767519230765
OXY,Energy,17.076704,2.5114188,1.7959902,1.21,3788124928.0,9.649,-2.580644666666668
ODFL,Industrials,34.994232,6.7548313,8.302309,2.21,970776000.0,0.323,-1.2538734605263144
OMC,Communication Services,201.26317,0.9378972,2.171617,15.97,4260624896.0,0.588,170.05456170555556
ON,Technology,50.019356,4.870095,4.1810927,0.18,1656649984.0,0.366,-78.10227424698796
OKE,Energy,15.5095,1.4380621,2.4679143,1.71,899875008.0,0.142,-4.147848666666668
ORCL,Technology,22.163008,5.9721107,6.9171314,0.76,-45853626368.0,0.545,-105.95862224698796
OTIS,Industrials,16.953726,1.6836659,-4.367839,1.5,1436249984.0,0.13,-19.29437946052631
PCAR,Industrials,22.745264,2.0444665,2.7984564,0.77,1943650048.0,0.042,-13.502841460526312
PKG,Consumer Cyclical,29.975292,2.1540544,4.378823,1.48,432950016.0,-0.195,-9.892918519230765
PLTR,Technology,180.21553,81.60562,51.388893,1.72,2159104512.0,2.154,52.09389975301204
PANW,Technology,1046.95,29.8399,12.414549,2.03,4240624896.0,,918.8283697530121
PH,Industrials,33.797752,5.6463447,7.879696,3.17,2961750016.0,0.193,-2.4503534605263084
PAYX,Technology,20.630953,5.6061873,9.899087,1.94,1887112448.0,0.139,-107.49067724698796
PYPL,Financial Services,10.497165,1.3919287,2.4150827,0.97,4423124992.0,-0.031,-8.843710939130434
PNR,Industrials,13.523196,2.0873952,2.234097,0.83,558312512.0,-0.111,-22.724909460526312
PEP,Consumer Defensive,16.50983,1.7473814,7.7869816,1.31,9433374720.0,0.174,-14.594844866666666
PFE,Healthcare,37.21053,2.5305636,1.891892,12.73,12485624832.0,,3.6588912407407364
PCG,Utilities,9.514493,1.5257607,0.89465797,0.53,-6150125056.0,0.398,-10.176611732258065
PM,Consumer Defensive,28.906609,7.3704886,-36.533504,2.41,9714374656.0,-0.075,-2.198065866666667
PSX,Energy,15.896,0.7329585,3.5231388,0.9,4545375232.0,3.449,-3.7613486666666667
PNW,Utilities,18.986565,2.1584952,1.7041363,3.51,-929501376.0,-0.095,-0.7045397322580662
PNC,Financial Services,12.071035,3.5960546,1.5064529,1.54,,0.249,-7.269840939130434
PPG,Basic Materials,14.936781,1.4073629,2.73723,1.51,1104625024.0,-0.015,-37.23135333333333
PPL,Utilities,20.266272,2.7425687,1.712757,1.25,-1938375040.0,0.212,0.5751672677419357
PFG,Financial Services,15.276353,1.463091,1.8955703,1.06,1056374976.0,0.028,-4.064522939130434
PG,Consumer Defensive,22.84441,4.0359607,6.5904036,3.85,13280874496.0,-0.155,-8.260264866666667
PGR,Financial Services,10.904212,1.3864838,3.6794543,67.07,15114500096.0,0.05,-8.436663939130435
PLD,Real Estate,28.775557,13.034062,2.2514129,112.55,5406941184.0,0.853,-15.641173275862073
PRU,Financial Services,10.243659,0.5981855,1.236348,0.66,7527750144.0,0.892,-9.097216939130435
PEG,Utilities,17.980099,2.8721838,2.0771904,3.4,107750000.0,-0.427,-1.7110057322580658
PTC,Technology,18.860329,7.1508923,6.2047286,1.81,1031425152.0,-0.12,-109.26130124698795
PSA,Real Estate,27.684813,11.029757,10.517035,3.82,2334240256.0,0.451,-16.731917275862074
PHM,Consumer Cyclical,11.440816,1.3017147,1.61689,0.95,1078512896.0,-0.182,-28.427394519230766
PWR,Industrials,80.86369,3.2254357,11.006923,1.53,1955491328.0,0.947,44.615584539473694
QCOM,Technology,20.3125,4.252555,6.706921,0.78,10241000448.0,-0.23,-107.80913024698796
DGX,Healthcare,24.519108,2.2052712,3.380362,1.5,909625024.0,0.15,-9.032530759259263
Q,Technology,45.214287,5.0836473,3.6509402,1.34,772249984.0,-0.343,-82.90734324698796
RL,Consumer Cyclical,23.395084,2.6476557,8.130693,1.97,880087488.0,0.216,-16.473126519230764
RJF,Financial Services,13.808195,1.996378,2.3961391,0.78,,0.42,-5.532680939130435
RDDT,Communication Services,37.18837,11.071596,9.360221,0.78,678068736.0,1.778,5.979761705555553
RTX,Industrials,32.7412,2.6806693,3.7760406,2.14,9880000512.0,0.287,-3.506905460526312
O,Real Estate,39.260868,8.452068,1.2962343,2.73,1582081920.0,0.692,-5.15586227586207
REG,Real Estate,24.25926,7.9917665,1.9795588,2.61,743363968.0,0.089,-20.15747027586207
REGN,Healthcare,18.460436,4.947634,2.3616388,1.26,3065299968.0,-0.045,-15.09120275925926
RF,Financial Services,11.032653,3.1814945,1.3193089,1.41,,0.085,-8.308222939130435
RSG,Industrials,30.76312,3.931767,5.515768,2.79,1942625024.0,0.051,-5.48498546052631
RMD,Healthcare,22.056568,5.7228947,5.0387683,1.32,939248256.0,0.024,-11.495070759259264
RVTY,Healthcare,73.77033,5.9084845,2.3799453,0.73,604992128.0,0.012,40.21869124074074
HOOD,Financial Services,48.026432,19.873877,10.338549,1.82,,0.476,28.685556060869565
ROK,Industrials,40.50468,5.364538,13.748729,1.91,1303874944.0,0.404,4.256574539473689
ROL,Consumer Cyclical,29.072725,3.9212425,10.764052,2.59,501737504.0,0.031,-10.795485519230766
ROP,Technology,15.170417,4.3487334,1.9255565,1.43,2265687552.0,2.33,-112.95121324698796
ROST,Consumer Cyclical,26.89359,2.9106362,10.5437565,2.07,2002041600.0,0.705,-12.974620519230765
RCL,Consumer Cyclical,17.423456,4.040843,7.3749123,1.14,-1516249984.0,-0.046,-22.444754519230763
SPGI,Financial Services,24.821667,7.4572225,3.8165739,1.93,5448249856.0,0.177,5.480791060869567
CRM,Technology,20.963404,4.29182,4.913579,0.81,17731874816.0,1.189,-107.15822624698797
SNDK,Technology,21.445498,11.290823,14.977796,,7720875008.0,,-106.67613224698796
SBAC,Real Estate,19.686083,6.74419,-4.181523,9.87,752056384.0,-0.105,-24.730647275862072
SLB,Energy,23.647345,1.9977124,2.786316,1.29,2955124992.0,-0.297,3.989996333333334
STX,Technology,56.330936,14.600142,81.946625,0.44,1943750016.0,1.488,-71.79069424698795
SRE,Utilities,23.508669,3.924753,1.6269301,0.7,-27657750528.0,0.713,3.817564267741936
NOW,Technology,88.0375,9.88527,11.635552,1.01,5149374976.0,-0.219,-40.08413024698797
SHW,Basic Materials,29.4341,3.1760051,19.993738,2.07,2506037504.0,0.143,-22.734034333333334
SPG,Real Estate,14.073394,10.907293,14.683749,4.58,2595271168.0,-0.125,-30.34333627586207
SWKS,Technology,39.559586,4.472955,2.0024655,1.67,448812512.0,-0.686,-88.56204424698797
SJM,Consumer Defensive,55.995327,1.397921,2.2259169,2.17,1464337536.0,,24.890652133333337
SW,Consumer Cyclical,43.463158,0.69136024,1.1991752,0.26,1215000064.0,,3.5949474807692354
SNA,Industrials,18.367481,3.5338876,3.085201,1.84,1109474944.0,0.051,-17.88062446052631
SOLV,Healthcare,10.684211,1.7880661,3.0936348,1.22,489000000.0,0.039,-22.867427759259265
SO,Utilities,20.763855,3.2846277,2.5050876,2.04,-3913374976.0,0.304,1.0727502677419345
LUV,Industrials,26.0375,0.6776981,2.8778667,0.2,-834750016.0,0.205,-10.21060546052631
SWK,Industrials,21.655256,0.8772171,1.4929625,1.39,1419049984.0,2.478,-14.59284946052631
SBUX,Consumer Cyclical,52.456646,2.6984763,-13.478391,1.03,3065537536.0,0.857,12.588435480769235
STT,Financial Services,15.428572,3.1992161,2.0108495,0.64,,0.682,-3.9123039391304335
STLD,Basic Materials,21.611969,1.6635226,3.63434,11.95,234191248.0,0.836,-30.556165333333336
STE,Healthcare,26.210268,3.4623642,2.900629,1.76,798862528.0,0.14,-7.341370759259263
SYK,Healthcare,28.73886,4.117208,4.4345837,1.3,4108875008.0,0.441,-4.812778759259263
SMCI,Technology,12.838957,0.7039202,2.6814659,0.91,-8248783872.0,4.347,-115.28267324698797
SYF,Financial Services,7.4513817,2.3906941,1.5584527,0.9,,0.036,-11.889494239130435
SNPS,Technology,90.10424,10.378923,3.1367204,2.67,3425542400.0,0.893,-38.01739024698796
SYY,Consumer Defensive,21.349726,0.45460427,14.026207,1.09,1914000000.0,0.053,-9.754948866666666
TMUS,Communication Services,15.525601,1.7288132,2.8383129,0.61,11335999488.0,0.053,-15.683007294444446
TROW,Financial Services,10.558233,2.9547284,2.0388143,2.15,2023912448.0,0.286,-8.782642939130435
TPR,Consumer Cyclical,15.988996,2.8817527,33.653736,1.66,1399924992.0,,-23.879214519230764
TRGP,Energy,27.40918,3.6721547,16.812292,1.25,65837500.0,0.233,7.751831333333332
TGT,Consumer Defensive,15.954309,0.6480493,3.911704,2.12,3432999936.0,1.005,-15.150365866666666
TEL,Technology,21.380018,3.2707713,4.7781544,0.92,2336875008.0,0.192,-106.74161224698796
TDY,Technology,29.688437,4.462635,2.6053324,1.4,912675008.0,0.212,-98.43319324698797
TER,Technology,55.313183,14.10279,20.050789,0.73,437381248.0,3.858,-72.80844724698795
TSLA,Consumer Cyclical,354.35184,14.587014,17.399408,4.48,4835999744.0,-0.03,314.4836294807692
TXN,Technology,43.187214,13.320562,14.38625,1.03,3545250048.0,0.518,-84.93441624698796
TPL,Energy,46.04337,27.740772,14.887615,7.33,-32836124.0,0.327,26.386021333333336
TXT,Industrials,13.966103,0.83368516,1.5831609,0.85,452750016.0,0.052,-22.28200246052631
TMO,Healthcare,35.4155,5.250801,4.6185594,1.94,6237250048.0,0.094,1.8638612407407393
TJX,Consumer Cyclical,25.696295,2.447483,14.739749,2.46,4398125056.0,0.236,-14.171915519230765
TKO,Communication Services,62.24126,6.3547287,3.8961236,1.52,856147520.0,0.144,31.03265170555555
TSCO,Consumer Cyclical,17.552084,1.1148093,6.7064676,2.11,103175000.0,-0.15,-22.316126519230764
TT,Industrials,35.542473,4.7252197,12.185888,1.66,3121687552.0,0.071,-0.70563246052631
TDG,Industrials,33.606003,6.1209116,-6.5961995,3.05,1457374976.0,0.109,-2.64210246052631
TRV,Financial Services,9.904647,1.5703064,2.3224251,2.36,14775124992.0,0.571,-9.436228939130434
TFC,Financial Services,10.6,2.9603314,0.95986515,1.05,,0.367,-8.740875939130435
TWLO,Technology,40.037346,7.97789,4.951591,0.43,954675392.0,46.715,-88.08428424698796
TYL,Technology,43.36184,5.5546193,4.441135,1.38,594435648.0,0.155,-84.75979024698796
TSN,Consumer Defensive,32.981483,0.33750054,1.0396965,1.04,1191250048.0,2.041,1.8768081333333306
USB,Financial Services,11.393213,3.2551365,1.4669374,1.71,,0.216,-7.947662939130435
UBER,Technology,15.682018,2.6447837,5.340553,5.99,7244749824.0,0.855,-112.43961224698796
UDR,Real Estate,21.594936,7.0963335,3.785643,8.17,779827776.0,0.909,-22.82179427586207
ULTA,Consumer Cyclical,20.786077,1.8824089,8.985743,1.77,914087360.0,0.133,-19.082133519230766
UNP,Industrials,22.555916,6.5074763,8.509845,2.76,4720750080.0,0.066,-13.692189460526311
UAL,Industrials,10.06133,0.55448395,2.088898,6.5,910124992.0,-0.172,-26.186775460526313
UPS,Industrials,17.578066,0.8946783,5.3414288,1.34,5593999872.0,-0.53,-18.67003946052631
URI,Industrials,25.399614,3.906315,7.1391788,1.36,1706249984.0,0.255,-10.848491460526311
UNH,Healthcare,24.392282,0.7556894,3.4868221,1.01,24272250880.0,0.615,-9.15935675925926
UHS,Healthcare,7.232871,0.5770184,1.3910896,1.19,498316992.0,0.101,-26.318767759259263
VLO,Energy,18.08045,0.9430532,4.9953933,2.19,8416374784.0,4.535,-1.5768986666666684
VEEV,Healthcare,48.545902,13.864867,6.605916,1.1,1257709824.0,0.395,14.994263240740736
VTR,Real Estate,151.92592,6.5558805,2.8726497,4.66,1486853504.0,-0.067,107.50918972413791
VLTO,Industrials,24.415617,4.148681,7.643116,2.28,807124992.0,0.101,-11.83248846052631
VRSN,Technology,32.97937,16.077108,-12.181272,2.2,832837504.0,0.077,-95.14226024698796
VRSK,Industrials,27.285713,7.372326,-19.929317,1.48,1055550016.0,-0.034,-8.96239246052631
VZ,Communication Services,10.8463545,1.2458793,1.6652008,0.82,17466624000.0,-0.22,-20.362253794444445
VRTX,Healthcare,29.707628,10.271175,6.3823028,1.96,2627887616.0,0.08,-3.8440107592592625
VRT,Industrials,54.9276,8.142046,19.643984,0.82,2696537600.0,0.53,18.679494539473687
VICI,Real Estate,8.902723,6.1481423,0.86362433,,267028992.0,-0.414,-35.51400727586207
V,Financial Services,32.804256,16.26566,20.426603,1.7,20404000768.0,0.102,13.463380060869568
VST,Utilities,27.23103,2.8210688,18.048508,0.43,37125000.0,-0.062,7.5399252677419355
VMRK,Real Estate,23.432951,15.315581,,7.17,1387120000.0,,-20.983779275862073
VMC,Basic Materials,28.841984,3.9050207,3.7388978,1.66,843600000.0,0.027,-23.326150333333334
VYLR,Financial Services,104.50001,2.922164,1.9393408,,2417250048.0,-0.099,85.15913406086958
WRB,Financial Services,14.765915,1.7920775,2.8406084,4.74,3045504768.0,0.15,-4.574960939130435
GWW,Industrials,32.894417,3.2236843,14.705835,1.73,1247750016.0,0.205,-3.353688460526314
WAB,Industrials,38.364246,4.0243926,4.304089,1.37,1101374976.0,0.189,2.1161405394736903
WMT,Consumer Defensive,40.344204,1.2042457,9.002344,3.75,7127625216.0,-0.091,9.239529133333331
DIS,Communication Services,22.27835,1.8871802,1.698846,3.49,4860375040.0,-0.483,-8.930258294444446
WM,Industrials,29.57932,3.2521338,8.415474,1.92,2348375040.0,0.083,-6.668785460526312
WAT,Healthcare,109.815186,9.170425,2.8040156,1.6,-142067632.0,,76.26354724074073
WEC,Utilities,20.143688,3.3345447,,2.03,-2353637376.0,0.197,0.4525832677419359
WFC,Financial Services,12.143895,3.0430846,1.5349991,1.28,,0.25,-7.196980939130434
WELL,Real Estate,101.10762,12.729346,3.4922478,3.66,2756164352.0,0.356,56.690889724137925
WST,Healthcare,46.862995,7.742434,8.617037,2.83,277937504.0,0.181,13.311356240740736
WDC,Technology,14.757801,11.511042,,0.75,2268750080.0,9.841,-113.36382924698796
WY,Real Estate,29.384617,2.009057,1.4556817,1.86,13625000.0,0.871,-15.032113275862073
WSM,Consumer Cyclical,24.797949,3.5572886,15.225441,2.47,1069320128.0,0.42,-15.070261519230765
WMB,Energy,28.95219,7.213145,6.7562294,2.08,-1516749952.0,0.512,9.294841333333334
WTW,Financial Services,18.332922,2.723643,3.5839493,1.27,1415624960.0,-0.268,-1.0079539391304344
WDAY,Technology,38.002037,4.428182,6.9610147,0.57,3046374912.0,2.06,-90.11959324698796
WYNN,Consumer Cyclical,18.021584,1.0438478,-45.18942,0.67,476188864.0,1.061,-21.846626519230764
XEL,Utilities,20.212328,3.1528733,1.9148412,1.84,-7907999744.0,0.24,0.5212232677419344
XYL,Industrials,24.454763,2.627814,2.1792912,1.24,1183750016.0,0.195,-11.793342460526311
YUM,Consumer Cyclical,18.239296,4.531247,-5.476479,1.83,833249984.0,1.316,-21.628914519230765
ZBRA,Technology,35.48854,3.1328442,5.341519,0.64,576750016.0,1.215,-92.63309024698796
ZBH,Healthcare,21.635923,1.9982086,1.345875,0.56,1072150016.0,0.338,-11.915715759259264
ZTS,Healthcare,12.304276,3.2454863,,6.8,2016999936.0,0.012,-21.24736275925926
