ticker,headline_count,sentiment_score
ON,10,-0.063902747631073
MU,10,0.0
CSGP,7,0.2505110502243042
DAL,10,-0.16499055027961732
MCHP,10,0.17744167447090148
NVDA,10,0.10526204109191895
HIG,10,0.16638781428337096
LUV,10,0.03284699320793152
EME,10,0.187918221950531
CIEN,10,0.30709593892097475
ACN,10,0.09663684368133545
NTAP,10,0.38683933615684507
HPE,10,0.018806681036949158
STX,10,-0.27897160649299624
FIX,10,-0.22896576523780823
GPN,8,0.1965954788029194
ADI,10,-0.0664863795042038
GNRC,10,0.1282092273235321
AMD,10,0.1696447551250458
BE,10,0.09678940773010254
ZBRA,3,-0.26790277163187665
RVTY,1,-0.9369823336601257
KEYS,10,0.0
TER,10,-0.08708763122558594
AES,10,0.11470449566841126
VST,10,-0.014247620105743408
WDC,10,-0.5118140280246735
MRVL,10,0.11112176179885865
SMCI,10,0.007085168361663818
COHR,10,0.24850635528564452
