ticker,price,above_sma50,above_sma200,rsi,macd_bullish,volume_today,avg_volume_30d,volume_spike
MMM,168.49000549316406,False,True,57.67933381579317,True,2880011.0,2825733.7,False
AOS,58.02000045776367,False,False,51.69339105919985,True,1164929.0,1380997.6333333333,False
ABT,100.94999694824219,False,False,29.773144699486494,False,7329031.0,8388201.033333333,False
ABBV,263.2900085449219,True,True,78.97943205262285,True,3947023.0,4213287.433333334,False
ACN,177.1199951171875,True,False,51.23780219604113,False,6344489.0,5004002.966666667,False
ADBE,233.1699981689453,False,False,34.500505500314475,False,4031744.0,5172354.8,False
AMD,607.5700073242188,True,True,68.68813876176348,True,16325476.0,20328059.2,False
AES,14.859999656677246,True,True,60.0,True,13733256.0,8000841.866666666,True
AFL,113.66000366210938,False,False,43.80737898191433,False,1499061.0,2201678.7,False
A,175.02999877929688,True,True,89.69587228380239,True,1906441.0,2620001.3666666667,False
APD,279.19000244140625,False,False,30.229118861518202,False,1061945.0,1135261.5,False
ABNB,156.9600067138672,False,True,33.342106899754654,False,4360104.0,4998733.466666667,False
AKAM,108.44999694824219,False,False,47.2877328359353,True,5987568.0,4620205.6,False
ALB,107.62000274658203,False,False,29.80064533880288,False,1782370.0,2390965.6666666665,False
ARE,48.470001220703125,False,False,44.343619172632756,False,1428648.0,1991991.6,False
ALGN,144.00999450683594,False,False,37.44714880883282,True,929049.0,895211.6333333333,False
ALLE,155.42999267578125,False,True,62.48115549091013,True,1125941.0,1280381.3666666667,False
LNT,64.33999633789062,False,False,27.083306428460034,False,3853319.0,2272067.3,True
ALL,225.4199981689453,False,True,19.0004662963172,False,4009336.0,1973637.8666666667,True
GOOGL,340.9200134277344,False,True,58.0751732478452,True,20589326.0,24907887.533333335,False
GOOG,337.32000732421875,False,True,57.3350927446817,True,13775064.0,16689975.466666667,False
MO,68.72000122070312,True,True,65.50735410583977,False,5674882.0,8220879.4,False
AMZN,246.6699981689453,False,True,43.23175587092067,False,31588613.0,33841747.1,False
AMCR,42.459999084472656,False,True,44.38859783476176,True,2624066.0,3419845.533333333,False
AEE,100.25,False,False,19.574085480032068,False,2848290.0,1608339.6666666667,True
AEP,119.30000305175781,False,False,27.03167666515253,False,2851565.0,3785045.5,False
AXP,305.3999938964844,False,False,33.34688567750668,False,3110642.0,2916138.066666667,False
AIG,75.2699966430664,False,False,53.66516588960104,False,11134406.0,4116983.533333333,True
AMT,167.35000610351562,False,False,34.11954382037838,False,2783309.0,2364746.966666667,False
AWK,129.8000030517578,False,False,16.443669025987546,False,1598929.0,1938490.9666666666,False
AMP,497.32000732421875,False,True,23.642544343315564,False,496449.0,560624.9666666667,False
AME,250.77999877929688,True,True,67.84283421026873,True,1188566.0,1428372.2,False
AMGN,423.6400146484375,True,True,70.15318074918005,True,3438987.0,2881749.566666667,False
APH,84.33999633789062,True,True,57.07249913174486,True,10556489.0,11992272.966666667,False
ADI,398.2200012207031,True,True,68.04964429409983,True,2444570.0,3626395.6666666665,False
AON,275.8999938964844,False,False,27.525349141814644,False,1969452.0,1794841.7333333334,False
APA,42.189998626708984,True,True,39.44222756381029,False,5914354.0,5832085.133333334,False
APO,119.0,False,False,24.48891462349492,False,2486748.0,2671288.2666666666,False
AAPL,329.3999938964844,True,True,63.981708864063165,False,37773928.0,41575150.93333333,False
AMAT,512.010009765625,True,True,63.89389972541642,True,7129511.0,6463360.366666666,False
APP,305.6600036621094,False,False,50.29417828931008,True,3677717.0,4717810.566666666,False
APTV,43.369998931884766,False,False,44.111568945188125,True,2685662.0,4584785.4,False
ACGL,95.12000274658203,False,False,42.42424943010788,False,3909669.0,3564242.3,False
ADM,79.4000015258789,False,True,25.156339054940688,False,2936146.0,3704134.8666666667,False
ARES,118.97000122070312,False,False,25.882303133828827,False,2167618.0,2106863.933333333,False
ANET,202.86000061035156,True,True,59.38032511929853,True,4534727.0,5080854.233333333,False
AJG,227.75,False,False,33.6109446955806,False,1409628.0,1420610.9333333333,False
AIZ,263.6499938964844,False,True,26.11662665665331,False,263617.0,368713.9,False
T,24.479999542236328,False,False,42.76458265961676,False,32915518.0,35066657.266666666,False
ATO,157.60000610351562,False,False,16.62951081144763,False,897854.0,979638.4666666667,False
ADSK,203.17999267578125,False,False,46.77902356311625,False,2142163.0,2217605.433333333,False
ADP,261.79998779296875,False,True,47.01613047265132,False,2070605.0,2200080.1666666665,False
AZO,2875.969970703125,False,False,46.86031007942084,True,406024.0,365794.13333333336,False
AVY,170.77999877929688,False,False,52.28217168785944,False,507141.0,1009804.7,False
AXON,419.5799865722656,False,False,29.150876756752652,False,957514.0,950167.1333333333,False
BKR,55.91999816894531,False,False,21.107797681830462,False,5479863.0,7664982.1,False
BALL,56.650001525878906,False,False,27.641279713869565,False,1566123.0,1868320.7666666666,False
BAC,54.959999084472656,False,True,13.2506851188121,False,31257371.0,35122279.03333333,False
BAX,23.479999542236328,False,True,34.983513723456085,False,6685714.0,5956770.466666667,False
BDX,181.97000122070312,True,True,53.542273493313886,False,1522595.0,1794423.1666666667,False
BRK-B,502.3500061035156,False,True,44.86968933524794,False,3222347.0,4332211.566666666,False
BBY,88.75,True,True,53.663136788233636,False,2595377.0,4024175.9,False
TECH,72.37999725341797,True,True,55.96315505813017,False,3352974.0,2835089.1333333333,False
BIIB,227.07000732421875,True,True,75.75662532717145,True,1125094.0,886399.8,False
BLK,1067.93994140625,False,True,48.95388946059086,True,348132.0,557757.7333333333,False
BX,114.0,False,False,25.303175187446485,False,5823446.0,3738264.8666666667,True
XYZ,74.05000305175781,False,True,32.22593130508179,False,4955957.0,4058471.9,False
BE,291.25,True,True,56.01489065863158,True,23633242.0,15717958.066666666,True
BNY,146.97999572753906,False,True,8.980507787373497,False,4131048.0,3374288.2666666666,False
BA,187.67999267578125,False,False,31.939070677837236,False,10215712.0,6800113.733333333,True
BKNG,162.33999633789062,False,False,33.75515685526709,False,5829680.0,7431076.0,False
BSX,43.880001068115234,False,False,43.97322730521953,True,14169734.0,21136371.133333333,False
BMY,62.86000061035156,False,True,40.74072554880122,False,15280125.0,10280340.833333334,False
AVGO,355.1000061035156,False,False,44.52267786400264,True,18872234.0,25413914.466666665,False
BR,160.9499969482422,False,False,36.65543282563662,False,897971.0,1113512.3666666667,False
BRO,60.599998474121094,False,False,25.104928298995688,False,2478591.0,2002496.3666666667,False
BF-B,26.290000915527344,False,False,51.59818862810657,True,1487994.0,2441813.1333333333,False
BG,108.13999938964844,False,False,20.506903666270745,False,961124.0,1839617.4666666666,False
BXP,61.709999084472656,False,False,36.39238927313084,False,1205978.0,1338719.2666666666,False
CHRW,149.7100067138672,False,False,48.39412113762557,True,1036442.0,1341284.7333333334,False
CDNS,324.1700134277344,True,False,76.22266462703845,True,2609989.0,2521039.6333333333,False
CPT,98.45999908447266,False,False,25.19751706232597,False,1287607.0,1055036.9,False
COF,196.4600067138672,False,False,26.83399939121982,False,3041078.0,3403759.2666666666,False
CAH,223.91000366210938,False,True,20.79850945492531,False,969422.0,1704140.7333333334,False
CCL,25.110000610351562,False,False,68.74027786182373,True,75324198.0,23511026.6,True
CARR,55.380001068115234,False,False,37.4389014263916,True,6318467.0,6530822.233333333,False
CVNA,63.619998931884766,False,False,31.700912690144975,False,10166728.0,7973337.6,False
CASY,599.9000244140625,False,False,38.40641882700454,True,426294.0,626186.4666666667,False
CAT,826.6400146484375,False,True,54.02382621131499,True,2202357.0,2424135.2333333334,False
CBOE,261.75,False,False,28.63222438576186,False,2569031.0,1103227.7,True
CBRE,130.83999633789062,False,False,32.446366912011555,False,2389071.0,1801039.0333333334,False
CDW,129.7100067138672,False,False,34.95007877906417,False,1271373.0,1656159.1,False
COR,307.6000061035156,False,False,34.05032304170095,False,1264209.0,1198620.3,False
CNC,62.209999084472656,False,True,44.2724510856651,False,4261897.0,4473413.233333333,False
CNP,36.939998626708984,False,False,19.700232148954356,False,5441136.0,6276824.533333333,False
CF,115.70999908447266,False,True,19.598251368745693,False,2470757.0,2694641.9,False
CRL,295.9599914550781,True,True,63.53572031751393,True,657922.0,942657.4,False
SCHW,99.0999984741211,False,True,27.0370251760648,False,8027198.0,8382499.933333334,False
CHTR,110.66999816894531,False,False,26.238238150707815,False,2864458.0,3171491.933333333,False
CVX,204.3800048828125,True,True,35.971454591844605,False,5875812.0,9284217.066666666,False
CMG,31.8799991607666,False,False,21.997281318187447,False,13770504.0,14101606.8,False
CB,332.0799865722656,False,True,36.84883009023878,False,1068099.0,1663443.3,False
CHD,94.94999694824219,False,False,48.56456055238273,True,2184074.0,1760405.8,False
CIEN,354.9200134277344,False,False,56.158107652120876,True,2220884.0,2446786.1333333333,False
CI,275.260009765625,False,False,46.89434014621077,False,1969814.0,1502407.1333333333,False
CINF,161.1300048828125,False,False,22.881240694962116,False,1092770.0,585019.0,True
CTAS,197.74000549316406,False,True,46.22952820824795,False,1944636.0,1979141.2,False
CSCO,106.94000244140625,False,True,44.42953460007462,False,11727203.0,17043146.766666666,False
C,130.8000030517578,False,True,32.75863624132016,False,7604563.0,9338962.1,False
CFG,63.88999938964844,False,False,25.964900774383437,False,4408235.0,3524887.8333333335,False
CLX,81.5999984741211,False,False,33.19362098217741,False,2691229.0,3140167.6333333333,False
CME,263.2200012207031,False,False,36.05440966360231,False,1430028.0,1844194.2666666666,False
CMS,63.45000076293945,False,False,17.84742978280653,False,6433999.0,3433046.6333333333,True
KO,86.83999633789062,False,True,48.73374047379476,False,12832488.0,15269592.933333334,False
CTSH,56.84000015258789,False,False,45.355191399216736,False,6280039.0,5969404.633333334,False
COHR,292.2099914550781,False,True,46.792273995752865,True,5448638.0,6244097.933333334,False
COIN,190.02000427246094,True,True,57.78071579410014,True,5791177.0,10574725.9,False
CL,86.45999908447266,False,False,41.45810347590098,False,3901293.0,4936606.433333334,False
CMCSA,21.600000381469727,False,False,19.175262516040405,False,20432116.0,27754920.533333335,False
FIX,1665.050048828125,True,True,56.12949960827019,True,274511.0,346683.7,False
COP,125.44000244140625,False,True,32.2673744811066,False,7155297.0,6876133.233333333,False
ED,103.33000183105469,False,False,28.818756812653305,False,1757901.0,2096293.3666666667,False
STZ,112.7699966430664,False,False,26.141288911463775,False,1571358.0,2127241.933333333,False
CEG,264.5799865722656,False,False,27.718236402499286,False,1868272.0,2698252.4,False
COO,56.630001068115234,False,False,32.49873298298688,True,5404150.0,4027055.0,False
CPRT,27.139999389648438,False,False,21.53667460544085,False,8771819.0,10281247.3,False
GLW,158.7100067138672,True,True,42.82772145999402,True,7498096.0,8635783.2,False
CPAY,392.70001220703125,False,True,35.301889409165184,False,587245.0,442798.1666666667,False
CTVA,77.87000274658203,False,False,22.47999418944957,False,3580882.0,4779682.733333333,False
CSGP,26.950000762939453,False,False,31.811894736481094,False,5192959.0,6783118.633333334,False
COST,924.5900268554688,False,False,62.32487717370556,True,2407552.0,2223118.4,False
CRH,84.52999877929688,False,False,33.890374365640795,False,9410975.0,4942782.5,True
CRWD,262.739990234375,True,True,77.95644581582762,True,6966596.0,11605889.866666667,False
CCI,67.06999969482422,False,False,21.97835403872098,False,3600562.0,3112418.7333333334,False
CSX,46.93000030517578,False,True,36.956535260031714,False,7992691.0,10129253.033333333,False
CMI,521.3699951171875,False,False,30.046584304022048,True,807525.0,1077370.8333333333,False
CVS,87.0999984741211,False,True,27.277702637628607,False,7134334.0,7197691.133333334,False
DHR,226.11000061035156,True,True,79.1232679713971,True,3598321.0,3883354.033333333,False
DRI,195.11000061035156,False,False,35.77252423231222,False,1250630.0,1169691.0,False
DDOG,268.55999755859375,True,True,83.89974847501777,True,2953446.0,3617728.2,False
DVA,175.19000244140625,False,True,41.26843500006645,False,636934.0,676877.8,False
DECK,77.68000030517578,False,False,40.562541789399496,True,3473326.0,3165290.8666666667,False
DE,680.5,True,True,51.677361976973806,False,1150094.0,1395373.1333333333,False
DELL,539.5900268554688,True,True,50.73485049693118,False,5703551.0,9186618.366666667,False
DAL,84.87000274658203,True,True,67.60643941505677,True,5538665.0,6449948.833333333,False
DVN,46.599998474121094,True,True,41.98981267998734,False,7175638.0,12080764.6,False
DXCM,86.63999938964844,True,True,61.51920435244737,False,2927635.0,4086451.1666666665,False
FANG,183.9499969482422,False,True,31.73640187962981,False,1957823.0,2859484.1,False
DLR,176.55999755859375,False,False,35.49119030340108,False,1743248.0,1965211.6,False
DG,122.63999938964844,False,False,46.564609951249516,False,2346138.0,2637157.933333333,False
DLTR,113.30000305175781,False,False,39.17482448494273,False,2541736.0,2838051.2,False
D,60.63999938964844,False,False,20.266672770182296,False,4099957.0,4608638.566666666,False
DPZ,301.80999755859375,False,False,36.81905618517611,False,881064.0,827835.4666666667,False
DASH,187.10000610351562,False,False,40.53550817930294,False,5752816.0,4264023.866666666,False
DOV,189.6999969482422,False,False,45.8851693504582,True,1185459.0,1268135.3,False
DOW,27.610000610351562,False,False,33.81555134995867,False,8379870.0,8784582.333333334,False
DHI,139.39999389648438,False,False,50.84624040898231,True,3007569.0,2431642.3,False
DTE,122.38999938964844,False,False,12.700251243633105,False,3017363.0,1618548.7666666666,True
DUK,114.20999908447266,False,False,18.394241967022964,False,5128360.0,3869565.3333333335,False
DD,130.1199951171875,False,False,56.5710759448095,True,836847.0,1140761.5666666667,False
ETN,433.2699890136719,True,True,57.47287985263014,True,1744167.0,1981395.5666666667,False
EBAY,105.20999908447266,False,True,54.02843053523661,False,3883601.0,4914863.366666666,False
ECHO,89.88999938964844,True,False,45.49464380060122,False,2982393.0,2925303.1,False
ECL,277.8699951171875,True,True,61.819558987287394,True,1087221.0,1336007.3666666667,False
EIX,53.560001373291016,False,False,31.732584569937586,True,7922747.0,6227618.233333333,False
EW,88.08000183105469,False,True,56.39301606436631,True,3230188.0,3168309.6,False
ELV,392.7300109863281,False,True,48.08505421080075,False,934754.0,1109345.1333333333,False
EME,762.030029296875,False,False,52.5948952919756,True,295266.0,357225.5333333333,False
EMR,157.24000549316406,True,True,62.38336145748269,True,2423058.0,2184661.933333333,False
ETR,99.76000213623047,False,False,22.616404731468265,False,3958931.0,2679971.033333333,False
EOG,139.66000366210938,False,True,37.4701964911587,False,2203564.0,3110265.466666667,False
EQT,48.880001068115234,False,False,21.674859814489096,False,6949651.0,7222341.7,False
EFX,140.8300018310547,False,False,14.206941706860562,False,2795413.0,1494627.1,True
EQIX,1015.27001953125,False,True,43.06185317543281,False,379255.0,515941.8333333333,False
ERIE,222.42999267578125,False,False,31.287157934849418,False,115423.0,269520.76666666666,False
ESS,273.92999267578125,False,True,49.07795141242649,True,452063.0,540832.1,False
EL,94.37000274658203,True,True,40.76407354713154,False,2044709.0,3659343.6333333333,False
EG,368.80999755859375,False,True,51.42424875756237,False,342045.0,369494.8333333333,False
EVRG,78.7300033569336,False,False,32.18881215816353,False,2749869.0,2191235.6333333333,False
P,130.0500030517578,True,True,79.59806117861459,True,3977286.0,6222742.866666666,False
ES,63.900001525878906,False,False,22.705450478851745,False,2965428.0,2256980.933333333,False
EXC,40.650001525878906,False,False,18.685832587234785,False,13550999.0,7297193.3,True
EXE,84.18000030517578,False,False,15.635392930215147,False,3290391.0,3122753.033333333,False
EXPE,266.3299865722656,False,True,45.188005426188106,False,2710073.0,2051942.4333333333,False
EXPD,188.16000366210938,True,True,49.73620482742482,False,764500.0,899900.0,False
EXR,133.49000549316406,False,False,48.62994295816635,False,1383932.0,1304547.7333333334,False
XOM,161.35000610351562,True,True,44.65877428260787,False,9149985.0,14351592.833333334,False
FFIV,438.07000732421875,True,True,65.65543364397641,True,663449.0,517424.9666666667,False
FDS,259.9700012207031,False,True,37.85116281225308,False,1286530.0,871551.0,False
FICO,617.8699951171875,False,False,11.2170394569481,False,4895965.0,531408.8333333334,True
FAST,49.959999084472656,True,True,62.97112677962431,True,6712228.0,6325064.266666667,False
FRT,109.38999938964844,False,False,15.531615062639474,False,1018516.0,818640.5333333333,False
FDX,287.4700012207031,False,False,32.477961331241445,False,1180242.0,1564688.0666666667,False
FERG,223.8699951171875,False,False,51.06312355373469,True,1361405.0,1392386.8333333333,False
FIS,33.349998474121094,False,False,18.74380203921953,False,7362104.0,6062606.8,False
FITB,50.970001220703125,False,False,31.40879063082143,False,6173137.0,5556054.566666666,False
FSLR,176.92999267578125,False,False,34.93724870940487,False,2340702.0,2194813.4,False
FE,43.63999938964844,False,False,23.82890253168688,False,4056131.0,4009194.3666666667,False
FISV,45.36000061035156,False,False,33.88833883182825,False,8689298.0,6862766.6,False
FLEX,113.83000183105469,False,True,51.649931970257384,True,2155662.0,3131758.7333333334,False
F,12.300000190734863,False,False,30.375422399836467,False,33553902.0,45857440.06666667,False
FTNT,175.9600067138672,True,True,71.18951994840582,True,2487418.0,4312467.266666667,False
FTV,55.40999984741211,False,False,47.53085663907528,True,1565014.0,2199927.1333333333,False
FOXA,62.47999954223633,False,False,43.94736657182352,False,3576776.0,5038649.2,False
FOX,55.83000183105469,False,False,43.75616090598513,False,596583.0,1157686.1,False
BEN,32.66999816894531,False,True,33.33333333333333,False,3325077.0,3530712.566666667,False
FCX,70.79000091552734,True,True,33.20986584507804,False,10034529.0,13274220.966666667,False
GRMN,290.2300109863281,True,True,70.7879372456175,True,943799.0,880313.3,False
IT,185.85000610351562,True,True,64.02777947025515,False,783126.0,1105530.8666666667,False
GE,317.8900146484375,False,False,42.09863615548917,True,3709920.0,4183544.0,False
GEHC,66.45999908447266,False,False,59.32081832995597,True,3296003.0,3279800.1,False
GEV,962.489990234375,False,True,52.31997578084635,True,1436934.0,2169577.8,False
GEN,20.850000381469727,False,False,14.331459682399668,False,22783707.0,9197406.9,True
GNRC,212.22000122070312,True,True,64.90619129831752,True,1272600.0,1336136.6666666667,False
GD,332.3399963378906,False,False,22.929395873664504,False,1663750.0,1158885.0,False
GIS,33.81999969482422,False,False,24.651192224415098,False,8667450.0,9420848.333333334,False
GM,80.47000122070312,False,True,43.148686749671675,False,6045060.0,6775168.666666667,False
GPC,126.94999694824219,False,True,25.60330070824405,False,552470.0,1018189.0,False
GILD,151.27999877929688,True,True,66.3895932980939,False,5298393.0,5816709.766666667,False
GPN,83.33000183105469,False,True,39.05573260528802,False,1754439.0,2482714.6333333333,False
GL,166.0800018310547,False,True,35.615346603800376,False,381406.0,440163.5333333333,False
GDDY,94.05999755859375,False,True,50.505938290515466,False,2186425.0,2363597.5,False
GS,916.239990234375,False,False,24.1216098626261,False,1843276.0,2059282.5333333334,False
HAL,31.540000915527344,False,False,11.341628585644173,False,9582571.0,10989159.033333333,False
HIG,125.8499984741211,False,False,18.992469119058782,False,1562446.0,1580711.5333333334,False
HAS,88.26000213623047,False,False,47.04413422904061,False,1743253.0,1549588.4333333333,False
HCA,431.6300048828125,True,False,58.23671396547561,True,881872.0,1444892.4,False
DOC,20.1299991607666,False,True,46.25159396087365,False,4537089.0,4898209.633333334,False
HSIC,84.97000122070312,False,True,39.34659229452927,False,959322.0,1036670.7333333333,False
HSY,161.41000366210938,False,False,23.809470849570857,False,1637443.0,1323108.1,False
HPE,61.4900016784668,True,True,54.64700141965315,True,12313953.0,23130135.1,False
HLT,323.44000244140625,True,True,72.46656485800693,True,1422512.0,1704243.7333333334,False
HD,288.0400085449219,False,False,28.110969688117578,False,6005952.0,4471931.733333333,False
HON,210.1300048828125,False,False,62.115579876052685,True,1999195.0,2976626.5,False
HRL,19.850000381469727,False,False,28.125,True,5332531.0,5427467.7,False
HST,22.440000534057617,False,True,57.99999847411993,True,6102989.0,8229952.966666667,False
HWM,230.94000244140625,False,False,47.818189600710866,True,1841900.0,3422933.3333333335,False
HPQ,30.729999542236328,True,True,43.284788520350766,False,11272437.0,16227261.233333332,False
HUBB,459.0899963378906,False,False,53.027628194950154,True,497772.0,479184.3,False
HUM,386.8699951171875,True,True,42.52586466181063,False,1753708.0,1039996.9333333333,True
HBAN,15.270000457763672,False,False,30.45653981372203,False,27645712.0,27056807.066666666,False
HII,259.6400146484375,False,False,19.82941468086011,False,513177.0,446589.23333333334,False
IBM,219.99000549316406,False,False,32.84016733502152,False,3640667.0,5192145.566666666,False
IEX,230.42999267578125,True,True,60.41419956042279,True,765428.0,582900.9333333333,False
IDXX,533.4400024414062,False,False,62.9294380587484,True,648191.0,493343.0333333333,False
ITW,267.07000732421875,False,True,55.57163866659601,True,2304249.0,1181081.6333333333,True
ILMN,272.0,True,True,85.27060186620648,True,2229210.0,3359110.3333333335,False
INCY,123.19999694824219,False,True,43.73606054803029,False,1712272.0,1406229.0666666667,False
IR,76.4800033569336,False,False,62.39316406517457,True,4850654.0,4258298.466666667,False
PODD,132.83999633789062,False,False,39.82371701800793,False,1277106.0,1638143.5333333334,False
INTC,115.93000030517578,True,True,58.216041829305,True,86223627.0,102585240.9,False
IBKR,86.18000030517578,False,True,40.21013251603392,False,2795750.0,3814215.0,False
ICE,152.19000244140625,False,False,40.5209748058171,False,1889757.0,3159741.9,False
IFF,85.25,True,True,58.78691923891421,True,1446356.0,1578621.8666666667,False
IP,33.31999969482422,False,False,40.85871976110041,True,5461004.0,4749416.8,False
INTU,268.0299987792969,False,False,27.16601799483753,False,3621708.0,4025496.933333333,False
ISRG,412.17999267578125,True,False,90.2046133554492,True,1878125.0,2330590.8333333335,False
IVZ,30.420000076293945,False,True,34.67888444151558,False,3990628.0,4037670.933333333,False
INVH,26.56999969482422,False,False,21.181922972203864,True,3441399.0,4825763.3,False
IQV,268.989990234375,True,True,66.02612604321328,False,1165952.0,1511451.7333333334,False
IRM,111.5,False,True,43.60067147189315,True,1405408.0,1561836.9333333333,False
JBHT,229.27999877929688,False,False,21.253739542035916,False,980333.0,1052744.4333333333,False
JBL,318.8399963378906,True,True,55.19399307487395,True,1574109.0,1093343.6333333333,False
JKHY,146.22000122070312,False,False,32.465686280928395,False,866921.0,1065554.0333333334,False
J,136.47999572753906,False,True,38.11455862039062,False,678421.0,805207.3666666667,False
JNJ,267.57000732421875,True,True,51.707388653420416,False,5573288.0,6415192.933333334,False
JCI,149.4199981689453,True,True,58.08090788186876,True,2217368.0,3160005.6,False
JPM,334.9800109863281,False,True,29.050759408027247,False,6022965.0,7250272.166666667,False
KVUE,17.90999984741211,False,True,65.575049673802,True,16266207.0,24465253.566666666,False
KDP,31.030000686645508,True,True,43.39469404857052,False,10296965.0,9719125.5,False
KEY,20.1200008392334,False,False,25.825900131910316,False,13655174.0,13348112.466666667,False
KEYS,360.6499938964844,True,True,65.47940192738072,True,881064.0,1306618.8,False
KMB,98.98999786376953,False,False,51.89543044237515,True,2683949.0,4135818.3,False
KIM,22.420000076293945,False,False,18.231978410026144,False,3845635.0,5171267.833333333,False
KMI,30.450000762939453,False,False,36.592184128506354,False,10608539.0,12415794.633333333,False
KKR,93.18000030517578,False,False,27.031579921226083,False,3649206.0,3626860.2,False
KLAC,196.52999877929688,True,True,62.59710325898888,True,7765161.0,9344292.033333333,False
KHC,23.450000762939453,False,True,28.03030084096754,False,10628807.0,19897626.9,False
KR,60.790000915527344,True,False,65.61379535088788,True,10367814.0,7475237.133333334,False
LHX,236.47000122070312,False,False,21.38753415373283,False,1795319.0,1670747.3,False
LH,308.80999755859375,False,True,39.632193211582354,False,609835.0,768111.1666666666,False
LRCX,323.8599853515625,True,True,53.78693192978029,True,7840101.0,8690260.033333333,False
LVS,38.31999969482422,False,False,12.667681644218149,False,4865633.0,5383754.433333334,False
LDOS,123.0999984741211,False,False,40.61841528606907,False,1093902.0,1219373.4,False
LEN,83.01000213623047,False,False,55.269323102674186,True,4712315.0,4116663.8333333335,False
LII,360.1600036621094,False,False,35.569108900171656,True,579207.0,478943.56666666665,False
LLY,1184.6300048828125,True,True,75.09549715815464,True,1625807.0,2405893.566666667,False
LIN,473.3699951171875,False,False,58.15139613310185,True,1907802.0,1998843.4,False
LYV,171.08999633789062,False,True,53.61363223952062,True,1492848.0,1859508.2666666666,False
LMT,512.2100219726562,False,False,39.80695043442755,False,1234904.0,1148406.8,False
L,105.93000030517578,False,False,29.38530168716042,False,787457.0,897531.9,False
LOW,187.25999450683594,False,False,28.571412095038127,False,2852044.0,3347488.1333333333,False
LULU,96.87000274658203,False,False,44.88330867364479,True,4475775.0,6630442.5,False
LITE,973.489990234375,True,True,48.22178986363889,True,6022835.0,4411461.166666667,False
LYB,58.18000030517578,False,False,27.114963872090982,False,3418084.0,3489679.466666667,False
MTB,217.5,False,False,17.787562411406014,False,797226.0,1039300.8666666667,False
MPC,392.0299987792969,True,True,45.7806591257185,False,1871217.0,2862817.2333333334,False
MAR,361.6199951171875,True,True,81.21116076429476,True,1452603.0,1563510.1,False
MRSH,170.4199981689453,False,False,34.80112620374405,False,3565403.0,2574030.1,False
MLM,479.0899963378906,False,False,36.731057716777194,False,1056043.0,811814.7666666667,False
MRVL,263.2699890136719,True,True,63.35286946026793,True,16268151.0,21930748.366666667,False
MAS,68.37000274658203,False,False,45.823020934432705,True,1868404.0,2168620.1333333333,False
MA,563.5800170898438,False,True,46.20009537479573,False,2352049.0,2719548.3,False
MKC,48.400001525878906,False,False,26.666662813433987,False,3317135.0,2971297.8333333335,False
MCD,233.97999572753906,False,False,22.238013018645105,False,5212070.0,5336085.666666667,False
MCK,864.8200073242188,False,True,40.215655165176436,False,476845.0,890458.1666666666,False
MDT,87.08999633789062,False,False,34.92768740437394,False,19445975.0,9800875.833333334,True
MRK,149.27999877929688,True,True,57.78789365607225,False,7269759.0,11129658.633333333,False
META,738.7899780273438,True,True,65.8222131183044,True,23034083.0,21693069.433333334,False
MET,95.19999694824219,False,True,47.37964720339578,False,2621794.0,3049039.8,False
MTD,1537.3299560546875,True,True,85.36324629461443,True,143814.0,210023.8,False
MGM,31.520000457763672,False,False,10.122163526032153,False,5363404.0,3552813.466666667,True
MCHP,78.77999877929688,True,True,63.37505982022629,True,7592987.0,8395026.233333332,False
MU,1065.0799560546875,True,True,55.298953465229125,True,18673307.0,24966490.233333334,False
MSFT,508.9599914550781,True,True,60.49981747946921,False,20020164.0,21623448.8,False
MAA,118.43000030517578,False,False,18.20096356654733,False,920253.0,1039495.1,False
MRNA,203.4600067138672,True,True,89.51658541683403,True,13072469.0,28761695.633333333,False
MDLZ,59.31999969482422,False,True,25.23966742716742,False,8374616.0,7708593.866666666,False
MPWR,1355.989990234375,True,True,65.4032878791322,True,449385.0,695162.8333333334,False
MNST,41.7400016784668,False,False,41.53848320772235,False,10603513.0,10053293.766666668,False
MCO,454.82000732421875,False,False,35.9470652408052,False,783783.0,708396.1,False
MS,192.75999450683594,False,True,18.01188983771931,False,4669366.0,4651045.533333333,False
MOS,22.420000076293945,False,False,25.379306171790418,False,5328691.0,8261719.7,False
MSI,446.1199951171875,False,True,39.112487154600004,False,894770.0,964845.6666666666,False
MSCI,539.760009765625,False,False,40.753271132243626,False,597731.0,532484.3666666667,False
NDAQ,91.8499984741211,False,True,43.799874353387786,False,2550180.0,3079706.0,False
NTAP,209.17999267578125,True,True,70.64189277137656,True,2635776.0,2446945.8666666667,False
NFLX,70.30000305175781,False,False,35.921380084984364,False,33202113.0,31478657.1,False
NEM,117.08999633789062,True,True,31.390109543687714,False,4705085.0,7689506.166666667,False
NWSA,28.520000457763672,False,True,39.926061152207836,False,5906113.0,4290470.433333334,False
NWS,31.5,False,True,37.42038806584837,False,1228367.0,1185622.2333333334,False
NEE,75.88999938964844,False,False,17.18444106512321,False,11326167.0,11597868.9,False
NKE,35.84000015258789,False,False,37.395676974837656,True,28851944.0,31329958.133333333,False
NI,39.31999969482422,False,False,20.843682556510544,False,6355376.0,5527659.2,False
NDSN,329.5299987792969,True,True,68.64426323742518,True,281562.0,414492.06666666665,False
NSC,313.0,False,True,30.609960956799696,False,489680.0,1108192.6666666667,False
NTRS,172.94000244140625,False,True,30.436229640973835,False,735868.0,969845.6,False
NOC,504.6099853515625,False,False,41.060339188262134,False,650852.0,778805.0666666667,False
NCLH,14.800000190734863,False,False,49.201274450867615,True,27226040.0,17283984.666666668,True
NRG,97.16999816894531,False,False,19.64642671824862,False,2240180.0,2756312.6666666665,False
NUE,236.24000549316406,False,True,32.45344711403861,False,1460886.0,1409946.2,False
NVDA,227.2100067138672,True,True,54.6686520527017,True,98224511.0,122982560.36666666,False
NVR,6234.6298828125,False,False,52.395369985963654,True,25738.0,38054.6,False
NXPI,236.47000122070312,True,False,60.12603797780173,True,2394509.0,3354380.3,False
ORLY,86.06999969482422,False,False,49.96253881133448,True,3662042.0,5889471.4,False
OXY,54.939998626708984,False,True,29.120869331924823,False,7556934.0,8260991.133333334,False
ODFL,177.4600067138672,False,False,41.952796023549595,True,1965121.0,1723640.7,False
OMC,74.13999938964844,False,False,36.98276172650874,False,2444679.0,2907755.966666667,False
ON,75.94999694824219,False,False,57.35859687743643,True,8554429.0,9895824.3,False
OKE,86.86000061035156,False,True,20.448573842771182,False,4236926.0,3653147.533333333,False
ORCL,137.7899932861328,False,False,29.405642328775457,False,45396386.0,30174209.533333335,True
OTIS,65.62999725341797,False,False,36.78904267899819,False,5113199.0,4168379.966666667,False
PCAR,111.80000305175781,False,False,14.755291354622003,False,2793994.0,3105806.466666667,False
PKG,233.27999877929688,False,True,61.66343317793188,True,495777.0,580279.2333333333,False
PLTR,186.97000122070312,True,True,73.24094822502653,True,14094847.0,27348364.9,False
PANW,388.4100036621094,True,True,69.36995975342876,True,5086985.0,6510322.833333333,False
PSKY,9.989999771118164,True,False,47.45635898984527,False,18886994.0,18461383.133333333,False
PH,970.3699951171875,False,True,57.9359186148053,True,363417.0,612897.2333333333,False
PAYX,99.30999755859375,False,False,16.405558502991667,False,4052389.0,3045192.966666667,False
PYPL,53.88999938964844,False,True,60.14151261683631,True,7999397.0,12998426.566666666,False
PNR,53.470001220703125,False,False,22.598122591618505,False,2043695.0,3458436.5,False
PEP,128.69000244140625,False,False,18.203540810534136,False,8412059.0,8367028.633333334,False
PFE,28.719999313354492,True,True,77.32552208087152,True,32682214.0,33752677.13333333,False
PCG,12.180000305175781,False,False,16.161653137024288,False,46099892.0,49837989.733333334,False
PM,193.89999389648438,True,True,66.3865253748294,True,3598229.0,4444674.3,False
PSX,252.25,True,True,40.595359303700405,False,2187691.0,3165466.3666666667,False
PNW,93.4000015258789,False,False,32.236821348569194,False,1867053.0,1047241.7666666667,True
PNC,221.64999389648438,False,False,22.21248815284082,False,1711428.0,1693164.2666666666,False
PPG,106.0199966430664,False,False,45.273598793466554,True,1858921.0,1556200.7,False
PPL,32.58000183105469,False,False,26.8861817972507,False,7090720.0,7163097.333333333,False
PFG,113.97000122070312,True,True,49.8284302559696,False,1046514.0,1324160.4666666666,False
PG,148.32000732421875,True,True,68.78308213199045,True,7211369.0,8720938.966666667,False
PGR,210.52000427246094,False,True,42.52252962289715,False,2778595.0,2617099.8333333335,False
PLD,132.61000061035156,False,False,41.178037148253324,False,4092929.0,3233237.6333333333,False
PRU,115.05999755859375,False,True,40.306520353816744,False,1412935.0,1574231.1666666667,False
PEG,67.68000030517578,False,False,22.42152926626079,False,3724303.0,3083476.7666666666,False
PTC,137.55999755859375,False,False,63.783795585377746,True,1205440.0,1503491.3333333333,False
PSA,285.5799865722656,False,False,42.394396349248645,False,806426.0,833840.8666666667,False
PHM,118.5,False,False,49.62680205956363,True,1220356.0,1484738.5333333334,False
PWR,651.7899780273438,True,True,58.482039827841426,True,755044.0,960951.4666666667,False
QCOM,184.10000610351562,True,True,54.63855815947518,True,9979334.0,13387571.133333333,False
DGX,231.97000122070312,False,True,46.19742006919495,False,1518306.0,1060263.5333333334,False
Q,125.61000061035156,False,True,50.21109666731856,True,718375.0,1686235.8333333333,False
RL,355.9200134277344,False,False,66.67237747211675,True,423280.0,664722.6666666666,False
RJF,159.85000610351562,False,False,17.886532867873484,False,898256.0,1294395.2,False
RDDT,145.36000061035156,False,False,49.01387697279639,False,4941230.0,4876747.666666667,False
RTX,186.94000244140625,False,False,23.879837870529315,False,3605346.0,4101584.8666666667,False
O,55.13999938964844,False,False,5.385983007132197,False,9507288.0,7204372.933333334,False
REG,72.66000366210938,False,False,28.49360706692333,True,995971.0,1274529.0333333334,False
REGN,750.510009765625,False,True,31.00653118462121,False,803976.0,710872.5333333333,False
RF,26.889999389648438,False,False,15.596335091360231,False,13074656.0,8315141.866666666,True
RSG,211.9199981689453,False,False,25.747102406540733,False,974809.0,1588850.3,False
RMD,222.8300018310547,True,False,56.44584904861366,False,917829.0,1320754.3,False
RVTY,152.77000427246094,True,True,82.53827531997891,True,1582695.0,1994123.1666666667,False
HOOD,116.22000122070312,True,True,51.11269213915984,False,14321392.0,22590099.733333334,False
ROK,431.5299987792969,False,True,54.74656763830977,True,352370.0,674472.3333333334,False
ROL,30.5,False,False,23.834208028351284,False,12009303.0,6246666.766666667,True
ROP,349.45001220703125,False,False,14.802037378553308,False,609200.0,783376.6666666666,False
ROST,234.39999389648438,False,True,64.2078938257686,True,1481337.0,2470041.2333333334,False
RCL,260.6700134277344,False,False,51.55052879921271,True,4022769.0,2575355.6333333333,True
SPGI,392.45001220703125,False,False,25.45938252606338,False,2905144.0,1826991.4666666666,True
CRM,225.30999755859375,True,True,34.926223897678625,False,8572914.0,15147637.133333333,False
SNDK,1729.760009765625,True,True,48.09047462598606,True,5920963.0,10686012.1,False
SBAC,162.80999755859375,False,False,15.268490487063247,False,817802.0,884960.0666666667,False
SLB,49.869998931884766,False,False,18.11725542594479,False,26674476.0,13577085.866666667,True
STX,913.4500122070312,True,True,54.60233424144315,True,2541197.0,3682133.2333333334,False
SRE,78.18000030517578,False,False,22.237660813533807,False,3275937.0,3927254.566666667,False
NOW,129.94000244140625,True,True,48.35812726681733,False,9747928.0,14814084.266666668,False
SHW,330.44000244140625,False,False,61.05094932047843,True,2217388.0,1673682.9333333333,False
SPG,204.27999877929688,False,True,48.63388342649786,True,1155438.0,1197514.6,False
SWKS,88.04000091552734,True,True,60.5620862272898,False,3309160.0,6979138.666666667,False
SJM,120.69999694824219,False,True,40.09112395870747,False,1335289.0,1396699.6333333333,False
SW,44.380001068115234,False,True,61.35417006082059,True,3300192.0,4416503.066666666,False
SNA,367.0799865722656,False,False,28.811441578907875,True,167436.0,281251.2,False
SOLV,89.31999969482422,True,True,46.74013029530473,False,848816.0,903767.2,False
SO,83.44999694824219,False,False,21.92884259283592,False,9003229.0,6083694.3,False
LUV,42.08000183105469,False,False,72.91106714897064,True,4061063.0,5535838.766666667,False
SWK,88.79000091552734,False,True,39.95829542490313,False,1636646.0,1634108.2,False
SBUX,95.43000030517578,False,False,28.597932623239288,False,6827364.0,6663052.133333334,False
STT,177.77999877929688,False,True,21.19232861280878,False,2186038.0,1791267.9333333333,False
STLD,221.89999389648438,False,True,33.87123730049625,False,1170372.0,1158212.4,False
STE,210.64999389648438,False,False,40.96826819693136,True,454326.0,634040.8666666667,False
SYK,278.7699890136719,False,False,53.6188176557655,True,2793168.0,2865622.2666666666,False
SMCI,41.02000045776367,True,True,54.90380283003719,True,25091240.0,38425161.333333336,False
SYF,71.72000122070312,False,False,28.818672439517385,False,2496887.0,3183149.566666667,False
SNPS,415.0899963378906,True,False,60.661008850305286,True,1613711.0,1930380.3666666667,False
SYY,78.48999786376953,False,False,36.200713170408896,False,3584520.0,3808120.6666666665,False
TMUS,162.97999572753906,False,False,31.105239593392938,False,4306658.0,4816855.266666667,False
TROW,104.51000213623047,False,True,41.37186050430847,True,1238957.0,1387585.2333333334,False
TTWO,202.77999877929688,False,False,41.3061616205534,False,1954096.0,2676463.2,False
TPR,114.12000274658203,False,False,51.085240008885485,True,2517078.0,3318592.6,False
TRGP,273.489990234375,False,True,25.006992005238885,False,1083281.0,1247276.0333333334,False
TGT,156.42999267578125,True,True,47.82606578619821,False,3459654.0,4107251.8,False
TEL,212.58999633789062,True,False,58.81042668849374,True,1756336.0,2023401.2,False
TDY,605.5900268554688,False,False,58.79461190839125,True,247737.0,269177.9,False
TER,403.0199890136719,True,True,55.707113328103816,True,2189129.0,2475644.3,False
TSLA,352.8399963378906,True,False,39.25650551107362,False,31676972.0,38227842.4,False
TXN,281.69000244140625,True,True,69.8146981542018,True,4994705.0,5908230.166666667,False
TPL,328.70001220703125,False,False,30.094793584505624,False,266222.0,390000.73333333334,False
TXT,77.62999725341797,False,False,38.54875513412099,True,1935933.0,1756484.4333333333,False
TMO,679.6099853515625,True,True,87.04377143676966,True,1745988.0,2071066.2666666666,False
TJX,133.8000030517578,False,False,70.96064749744403,True,11156149.0,9202364.966666667,False
TKO,177.5800018310547,False,False,28.50314020399722,False,772413.0,1106687.1,False
TSCO,31.510000228881836,False,False,32.5385970013742,False,7470945.0,8832284.833333334,False
TT,455.5899963378906,True,True,58.39703872048885,True,1181772.0,1060252.4,False
TDG,1099.7900390625,False,False,41.36018673542962,True,412840.0,383044.6666666667,False
TRV,363.2099914550781,False,True,46.67775833954094,False,1121109.0,1479713.6333333333,False
TRMB,57.34000015258789,False,False,49.63854591080502,False,2220146.0,3263068.2,False
TFC,46.439998626708984,False,False,24.83039622609283,False,7261874.0,6934709.133333334,False
TYL,316.260009765625,False,False,32.954849735383064,False,840591.0,904969.7,False
TSN,50.97999954223633,False,False,42.43026404977644,True,3210686.0,3510569.533333333,False
USB,58.13999938964844,False,True,28.162800769486438,False,7642193.0,7346299.766666667,False
UBER,69.36000061035156,False,False,41.793872012300234,False,14674548.0,17413951.6,False
UDR,33.95000076293945,False,False,28.558103849017996,True,3047831.0,3719597.7,False
ULTA,547.8900146484375,True,False,53.07685983152576,False,425015.0,636563.8333333334,False
UNP,274.1499938964844,False,True,32.153668132376765,False,1751610.0,2480770.3333333335,False
UAL,112.6500015258789,False,True,59.956789641822176,True,3090597.0,3623069.9,False
UPS,93.93000030517578,False,False,37.52946453590366,False,4250296.0,4537623.2,False
URI,1014.5399780273438,False,True,46.24953067858006,True,1124031.0,453964.36666666664,True
UNH,374.94000244140625,False,True,33.30179177251681,True,3276363.0,4770848.766666667,False
UHS,175.72999572753906,True,False,49.93284574604339,False,638979.0,743115.9666666667,False
VLO,387.7200012207031,True,True,49.38084647296785,False,2649202.0,3377560.066666667,False
VEEV,278.57000732421875,True,True,74.95089418854575,False,1101740.0,1795618.0,False
VTR,86.91000366210938,False,True,31.145117836097583,False,2378238.0,3475084.6,False
VLTO,96.6500015258789,True,True,59.18171793935548,True,1545965.0,1671862.1666666667,False
VRSN,279.8399963378906,False,True,43.207033177514155,False,688995.0,694519.8333333334,False
VRSK,165.94000244140625,False,False,34.89581943602032,False,1680482.0,1223102.7333333334,False
VZ,45.97999954223633,False,True,28.92375051532636,False,17846254.0,19899581.8,False
VRTX,526.72998046875,True,True,55.71164737596304,False,668298.0,1018283.2666666667,False
VRT,248.33999633789062,False,False,42.343862302299556,True,3286305.0,5050023.5,False
VTRS,18.1200008392334,True,True,80.45116717636894,True,11751954.0,8168708.466666667,False
VICI,23.200000762939453,False,False,27.297438595819145,False,12518372.0,9924825.733333332,False
V,365.8800048828125,False,True,47.860572266651914,False,5385198.0,6200393.266666667,False
VST,140.8300018310547,False,False,32.06706613244398,False,4828224.0,4410350.8,False
VMRK,61.349998474121094,False,False,30.954820776966713,False,3657136.0,6063387.866666666,False
VMC,242.75,False,False,40.14356411242639,True,1621800.0,1107306.6666666667,False
WRB,68.22000122070312,False,False,39.70840649671037,False,1907598.0,3050323.2666666666,False
GWW,1248.6700439453125,False,True,38.67700571030513,False,256112.0,248790.4,False
WAB,291.2300109863281,True,True,65.12086087319,True,596752.0,782498.4,False
WMT,106.80000305175781,False,False,53.106986491915585,True,24685732.0,26665184.4,False
DIS,105.41000366210938,True,True,53.56936482092623,False,7131425.0,8207050.833333333,False
WBD,30.850000381469727,True,True,82.52214023152351,True,46711344.0,35117868.13333333,False
WM,207.08999633789062,False,False,29.8110411263431,False,1513799.0,2157973.3,False
WAT,443.260009765625,True,True,76.95978574766636,True,625254.0,700798.4666666667,False
WEC,102.58000183105469,False,False,32.58540622899595,False,3407942.0,2546271.4,False
WFC,80.4800033569336,False,False,21.046020096023625,False,12716180.0,13227019.333333334,False
WELL,232.89999389648438,False,True,43.9807489774425,False,1892023.0,2597617.433333333,False
WST,376.6300048828125,True,True,79.99094203734057,True,552678.0,562002.6,False
WDC,453.4800109863281,False,True,41.31274550668455,True,6051887.0,6456282.9,False
WY,19.549999237060547,False,False,17.659596226862263,False,5180635.0,5924211.166666667,False
WSM,229.9600067138672,False,True,52.64872360767591,True,655286.0,1181749.5333333334,False
WMB,68.62999725341797,False,False,19.019065166335864,False,6236056.0,7518565.2,False
WTW,288.57000732421875,False,False,22.573583393625313,False,644153.0,503325.1,False
WDAY,189.1699981689453,True,True,53.27730327396942,False,1806268.0,3309195.6,False
WYNN,78.2300033569336,False,False,15.237563121490311,False,2239927.0,2010347.5666666667,False
XEL,70.69000244140625,False,False,27.4605234011582,False,6502164.0,5824358.8,False
XYL,100.93000030517578,False,False,22.295611174076924,False,2210096.0,2428659.8666666667,False
YUM,137.72999572753906,False,False,37.89508592191231,False,1611994.0,2347276.466666667,False
ZBRA,375.9700012207031,True,True,72.81656430029972,True,590555.0,578188.5,False
ZBH,91.33999633789062,False,True,42.32033123528055,False,1461510.0,1816513.6666666667,False
ZTS,70.30000305175781,False,False,35.024884761841136,False,3520127.0,4522500.9,False
